filename,CNPJ
02.02.pdf,
086-060-010222-ALU-02 - EMAIL.pdf,
086-060-010222-ALU-02 - LOTE.pdf,
086-060-010222-ALU-03 - EMAIL.pdf,
086-060-010222-ALU-03 - LOTE.pdf,
086-060-010222-ALU-04 - email.pdf,
086-060-010222-ALU-04 - lote.pdf,
086-060-020222-ALU-01 - EMAIL.pdf,
086-060-020222-ALU-01 - LOTE.pdf,
086-060-020222-ALU-02 - EMAIL.pdf,
086-060-020222-ALU-02 - LOTE.pdf,
086-060-030222-ALU-01 - EMAIL.pdf,
086-060-030222-ALU-01 LOTE.pdf,
086-060-030222-ALU-02 - EMAIL.pdf,
086-060-030222-ALU-02 LOTE.pdf,
086-060-040222-ALU-01 - BANCO.pdf,
086-060-040222-ALU-02 - BANCO.pdf,
086-060-040222-URGE-02 - BANCO.pdf,
086-060-070222 - E-MAIL LOTE FORMATADO PRIO 5.pdf,
086-060-070222-ALU-01 (1).pdf,
086-060-070222-ALU-01 - BANCO.pdf,
086-060-070222-ALU-02 - BANCO.pdf,
086-060-070222-ALU-03 - BANCO.pdf,
086-060-070222-ALU-03 - EMAIL LOTE FORMATADO.pdf,
086-060-070222-ALU-04 - BANCO.pdf,
086-060-070222-ALU-05 - BANCO.pdf,
086-060-070222-ALU-05 - E-MAIL LOTE FORMATADO.pdf,
086-060-070222-ALU-06 - BANCO.pdf,
086-060-080222-ALU-01 - BANCO.pdf,
086-060-080222-ALU-02 - BANCO.pdf,
086-060-080222-ALU-02 - E-MAIL LOTE FORMATADO.pdf,
086-060-080222-ALU-03 - BANCO.pdf,
086-060-080222-ALU-03 - E-MAIL LOTE FORMATADO.pdf,
086-060-080222-ALU-04 - EMAIL.pdf,
086-060-080222-ALU-04 - LOTE.pdf,
086-060-080222-URGE-01 - BANCO.pdf,
086-060-080222-URGE-01 - E-MAIL LOTE FORMATADO.pdf,
086-060-080222-URGE-05 BANCO.pdf,
086-060-080222-URGE-05 EMAIL LOTE FORMATADO.pdf,
086-060-080222-URGE-06 - BANCO.pdf,
086-060-080222-URGE-06 - IMPOSTO PRIO 1.pdf,
086-060-090222-ALU-01 - BANCO.pdf,
086-060-090222-ALU-02 - BANCO.pdf,
086-060-090222-ALU-03 - BANCO.pdf,
086-060-090222-URGE-02 - BANCO.pdf,
086-060-090222-URGE-02 - E-MAIL LOTE FORMATADO.pdf,
086-060-100222-ALU-01 - banco.pdf,
086-060-100222-ALU-01 - e-mail lote formatado.pdf,
086-060-100222-ALU-02 - BANCO.pdf,
086-060-100222-ALU-02 - E-MAIL LOTE FORMATADO.pdf,
086-060-100222-ALU-04 - BANCO.pdf,
086-060-100222-ALU-05 - BANCO.pdf,
086-060-100222-ALU-05 - E-MAIL LOTE FORMATADO.pdf,
086-060-100222-ALU-06 - banco.pdf,
086-060-100222-URGE-01 - BANCO.pdf,
086-060-100222-URGE-01 - E-MAIL LOTE FORMATADO.pdf,
086-060-100222-URGE-14 - BANCO.pdf,
086-060-100222-URGE-14 - E-MAIL LOTE FORMATADO.pdf,
086-060-110222-ALU-01 - BANCO.pdf,
086-060-110222-ALU-02 - e-mail lote formatado.pdf,
086-060-110222-ALU-02 -BANCO.pdf,
086-060-110222-ALU-03 - BANCO.pdf,
086-060-110222-URGE-01 - BANCO.pdf,
086-060-140222-ALU-03 - BANCO.pdf,
086-060-140222-ALU-04 - banco.pdf,
086-060-140222-ALU-05 - BANCO.pdf,
086-060-140222-URGE-07 - BANCO.pdf,
086-060-150222-ALU-01 - BANCO.pdf,
086-060-150222-ALU-02 - BANCO.pdf,
086-060-150222-ALU-03 - banco.pdf,
086-060-150222-ALU-04 - banco.pdf,
086-060-150222-ALU-05 - BANCO.pdf,
086-060-150222-ALU-06 - BANCO.pdf,
086-060-150222-URGE-09 - BANCO.pdf,
086-060-160222-ALU-01 BANCO.pdf,
086-060-160222-ALU-01 EMAIL.pdf,
086-060-160222-ALU-02 BANCO.pdf,
086-060-160222-ALU-02 EMAIL.pdf,
086-060-160222-ALU-03 BANCO.pdf,
086-060-160222-ALU-03 EMAIL.pdf,
086-060-160222-ALU-04 banco.pdf,
086-060-160222-ALU-04 email.pdf,
086-060-170222-ALU-01 banco.pdf,
086-060-170222-ALU-01 email.pdf,
086-060-170222-ALU-02 banco.pdf,
086-060-170222-ALU-02 email.pdf,
086-060-170222-ALU-03 banco.pdf,
086-060-170222-ALU-03 email.pdf,
086-060-170222-ALU-04 banco.pdf,
086-060-170222-ALU-04 email.pdf,
086-060-180222-ALU-01 email.pdf,
086-060-180222-ALU-01 lote formatado.pdf,
086-060-180222-ALU-02 email.pdf,
086-060-180222-ALU-02 lote formatado.pdf,
086-060-180222-ALU-03 email.pdf,
086-060-180222-ALU-03 lote formatado.pdf,
086-060-180222-URGE-02 email.pdf,
086-060-180222-URGE-02 lote formatado.pdf,
086-060-210222-ALU-01 email.pdf,
086-060-210222-ALU-01 lote formatado.pdf,
086-060-210222-ALU-02 email.pdf,
086-060-210222-ALU-02 lote.pdf,
086-060-210222-ALU-03 email.pdf,
086-060-210222-ALU-03 lote.pdf,
086-060-210222-ALU-04 email.pdf,
086-060-210222-ALU-04 lote.pdf,
086-060-210222-URGE-13 email.pdf,
086-060-210222-URGE-13 lote.pdf,
086-060-220222-ALU-01 email.pdf,
086-060-220222-ALU-01 lote.pdf,
086-060-230222-ALU-01 email.pdf,
086-060-230222-ALU-04 email.pdf,
086-060-230222-ALU-04 lote.pdf,
086-060-230222-ALU-05 email.pdf,
086-060-230222-ALU-05 lote.pdf,
086-060-230222-REGU-01 email.pdf,
086-060-230222-REGU-01 lote.pdf,
086-060-230222-REGU-03 email.pdf,
086-060-230222-REGU-03 lote.pdf,
086-060-240222-ALU-01 email.pdf,
086-060-240222-ALU-01 lote.pdf,
086-060-240222-ALU-02 email.pdf,
086-060-240222-ALU-02 lote.pdf,
086-060-250222-ALU-01 EMAIL.pdf,
086-060-250222-ALU-01 lote.pdf,
086-060-250222-ALU-03 email.pdf,
086-060-250222-ALU-03 lote.pdf,
086-060-250222-ALU-04 email.pdf,
086-060-250222-ALU-04 lote.pdf,
086-060-250222-ALU-05 email.pdf,
086-060-250222-ALU-05 lote.pdf,
086-060-250222-ALU-06 email.pdf,
086-060-250222-ALU-06 lote.pdf,
086-060-250222-ALU-07 email.pdf,
086-060-250222-ALU-07 lote.pdf,
086-060-250222-URGE-04 email.pdf,
086-060-250222-URGE-04 lote.pdf,
086-060-250222-URGE-18 email.pdf,
086-060-250222-URGE-18 lote.pdf,
200000077 - Boleto - 10.02.2022.pdf,
200000077 - Demonstrativo - 10.02.2022.pdf,45.543.915/0001-81
200000153 - Boleto - 10.02.2022.pdf,45.543.915/0001-81
200000153 DEMONSTRATIV1.01.2022_20220210142654.212_X.PDF.pdf,45.543.915/0001-81
2021-12-29T15_13_00+00_00BOLETO IPTU 2022 - BOS - 3160125712.pdf,
2022 - FLP CK.pdf,20.869.012/0001-64
2022-01-28T21_28_14+00_00Boletos (7).pdf,00.776.574/0001-56
2022-01-28T21_28_14+00_00Boletos (8).pdf,00.776.574/0001-56
2022-01-31T21_35_20+00_00lote24_a vista.pdf,
2022-01-31T21_35_20+00_00lote25_a vista.pdf,
2022-01-31T21_35_20+00_00lote26_ a vista.pdf,
2022-01-31T21_35_20+00_00lote27_ a vista.pdf,
2022-02-08T18_28_53+00_00ALC10590 ALTHS - MC DONALDS 2.pdf,"72.908.353/0001-03,18.645.825/0001-29"
2022-02-08T18_28_53+00_00ALC10590 ALTHS - MC DONALDS 3.pdf,
2022-02-08T18_28_53+00_00ALC10590 ALTHS - MC DONALDS 4.pdf,"13.553.684/0001-09,18.645.825/0001-29"
2022-02-08T18_28_53+00_00ALC10590 TAG - MC DONALDS 2.pdf,"72.908.353/0001-03,33.295.949/0001-15"
2022-02-08T18_28_53+00_00ALC10590 TAG - MC DONALDS 3.pdf,33.295.949/0001-15
2022-02-08T18_28_53+00_00ALC10590 TAG - MC DONALDS 4.pdf,"13.553.684/0001-09,33.295.949/0001-15"
2022-02-14T13_53_26+00_00Mc_1373.pdf,47.508.411/0001-56
2022-02-14T14_18_11+00_00MC_01.pdf,47.508.411/0001-56
2022-02-14T14_46_26+00_00Mc_1373.pdf,47.508.411/0001-56
2022-02-14T16_51_03+00_00Mc_1373.pdf,47.508.411/0001-56
210000197 - Boleto - 15.02.2022.pdf,
210000197.pdf,45.543.915/0001-81
210000274 - Boleto - 10.02.2022.pdf,45.543.915/0001-81
210000274 - Demonstrativo - 10.02.2022.pdf,45.543.915/0001-81
210000704 - Boleto - 10.02.2022.pdf,45.543.915/0001-81
210000704 DEMONSTRATIVO_ARCCIO31.01.2022_20220210142454.839_X.PDF.pdf,45.543.915/0001-81
210000711 - Boleto - 10.02.2022.pdf,
210000711 DEMONSTRATIERCIO31.01.2022_20220210142333.075_X.PDF.pdf,45.543.915/0001-81
210000712 - Boleto - 10.02.2022.pdf,
210000712 - Demonstrativo - 10.02.2022.pdf,45.543.915/0001-81
210001355 - Boleto - 10.02.2022.pdf,
210001355 DEMONSIO31.01.2022_20220210142631.616_X.PDF.pdf,45.543.915/0001-81
210001356 - Boleto - 10.02.2022.pdf,
210001356 DEMONSTRA31.01.2022_20220210142430.654_X.PDF.pdf,45.543.915/0001-81
210001364 - Boleto - 10.02.2022.pdf,
210001364 DEMONS31.01.2022_20220210142319.641_X.PDF.pdf,45.543.915/0001-81
210001365 - Boleto - 10.02.2022.pdf,
210001365 - Demonstrativo - 10.02.2022.pdf,45.543.915/0001-81
210001366 - Boleto - 10.02.2022.pdf,
210001366 .pdf,45.543.915/0001-81
210001723 - Boleto - 10.02.2022.pdf,
210001723.pdf,45.543.915/0001-81
"28 02IPTU Z banco ok lançar 2 primeiros boletos, restante desmembrar.pdf","46.634.499/0001-90,02.885.847/0001-64,02.865.847/0001-64"
AAB - B05080 - BANCO OK.pdf,93.209.765/0001-17
AAB - B05080.pdf,
ABA - B05310 (2).pdf,11.948.736/0001-02
ABA - B05310 - ELETRONICO.pdf,62.082.961/0001-40
ACM - B03610.pdf,17.008.888/0001-01
ADM - B40870 - .pdf,
AFL - B01140.pdf,
AFO - 2402.pdf,14.551.970/0001-90
AFT - 2402.pdf,14.551.970/0001-90
AFZ - B09700  ENVIAR FRANQ.pdf,27.059.565/0001-09
AFZ - B09700 (2) FRANQ.pdf,27.059.565/0001-09
AFZ - B09700 (3) FRANQ.pdf,27.059.565/0001-09
AFZ - B09700 - FRANQ.pdf,27.059.565/0001-09
AFZ - B09700 ENVIAR FRANQ (2).pdf,27.059.565/0001-09
AFZ - B09700 ENVIAR FRANQ (3).pdf,27.059.460/0001-41
AFZ - B09700 ENVIAR FRANQ.pdf,27.059.565/0001-09
AFZ - B09700 FRANQ ALUGUEL (2).pdf,27.059.565/0001-09
AFZ - B09700 FRANQ ALUGUEL.pdf,27.059.565/0001-09
AFZ - B09700.pdf,27.059.565/0001-09
AGS - B06120 (2).pdf,01.850.114/0001-93
AGS - B06120.pdf,01.850.114/0001-93
AGS A-09_MCDONALDS_ALUGUEL.PERCENTUAL_21022022.pdf,01.850.114/0001-93
AIA -  B0562.pdf,71.322.150/0042-38
AIA - B0562.pdf,71.322.150/0041-57
AIA - B05620.pdf,07.889.007/0001-55
AID - B0197 - AMM - banco ok (2).pdf,
AID - B0197 - AMM - banco ok.pdf,
AID - B0197 QUIOSQUE - AMM banco ok.pdf,
AID - B0197.pdf,
AJU - B40120 (2).pdf,17.333.406/0001-99
AJU - B40120 (3).pdf,17.333.406/0001-99
AJU - B40120 (4).pdf,17.333.406/0001-99
AJU - B40120.pdf,17.333.406/0001-99
ALB - B46400 (2).pdf,19.394.735/0001-75
ALB - B46400.pdf,19.394.735/0001-75
ALE - B05400 (2).pdf,"00.367.135/0001-90,92.691.336/0001-66"
ALM - B08980 FRANQ ALUGUEL.pdf,02.560.001/0001-16
AM2 - B7005 FRAN PAG V2.pdf,
AMA - B07120 FRANQ.pdf,46.951.943/0001-09
AMK - B0601 FRANQ.pdf,"00.250.440/0001-05,18.191.228/0001-71"
"AMK - B06010 2924,96 E 3,00.pdf","0,.,2,5,4,/,1,-,,,8,9,7"
"AMK - B06010 3114,25 e 657,64.pdf","0,,,.,2,5,4,/,1,-,8,9,7"
AMK - B06010 DESMEMBRAR.pdf,"0,,,.,2,5,4,/,1,-,8,9,7"
AMK - B06010 FRANQ PAG V2 - BANCO OK.pdf,03.043.201/0001-64
AMK - B06010 FRANQ PAG V2.pdf,03.043.201/0001-64
AMS - B08580 ENVIAR FRANQ 2.pdf,20.748.818/0001-02
AMS - B08580 ENVIAR FRANQ.pdf,20.748.818/0001-02
AMS - B08580 FRAN PAG V2.pdf,20.748.818/0001-02
AMS - B08580 FRANQ (PAGAMOS DESPESAS).pdf,20.748.818/0001-02
ANA - B40390 (2) ENVIAR FRANQ.pdf,30.838.194/0001-60
ANA - B40390 (2).pdf,32.913.189/0001-08
ANA - B40390 (3).pdf,14.097.230/0001-25
ANA - B40390 - FRANQUEADO.pdf,30.838.194/0001-60
ANA - B40390 ENVIAR FRANQ (2).pdf,32.913.189/0001-08
ANA - B40390 ENVIAR FRANQ.pdf,30.838.194/0001-60
ANA - B40390 FRANQ ALUGUEL (2).pdf,14.097.230/0001-25
"ANA - B40390 FRANQ ALUGUEL - LANÇAR -0,06.pdf",14.097.230/0001-25
ANA - B40390 FRANQ ALUGUEL.pdf,14.097.230/0001-25
ANA - B40390.pdf,14.097.230/0001-25
AND - B02000 - PAGAR - N DISP PARA PAGTO.pdf,02.444.426/0001-60
AND - B02000 - PAGAR - N DISP PARA PAGTO2.pdf,02.444.426/0001-60
AND - B02000 2.pdf,"22 698.684/0001-80,22.698.684/0001-80"
AND - B02000 3.pdf,"22 698.684/0001-80,22.698.684/0001-80"
AND - B02000.pdf,02.444.426/0001-60
ANI - B06400 - LANÇAR.pdf,17.368.996/0001-95
ANI - B06400.pdf,17.368.996/0001-95
ANP - B05670.pdf,
APA - B07230 FRANQ ALUGUEL (2)-1.pdf,02.825.033/0001-04
APA - B07230 FRANQ ALUGUEL (2)-2.pdf,"02.825.033/0001-04,42,591.651/0001-43"
APA - B07230 FRANQ ALUGUEL-1.pdf,"02.825.033/0001-04,08.904.571/0001-62"
APA - B07230 FRANQ ALUGUEL-2.pdf,"02.825.033/0001-04,08.904.571/0001-62"
APD - B04250.pdf,"00.093.627/0001-34,04.006.639/0001-35"
"APO - B05930 LANÇAR -0,03.pdf","09.099,926/0001-50,09.099.926/0001-50"
ARA - B03310 (2) - BOLETO SEM DESCRIÇÃO DE PGTO.pdf,"02.663.209/0001-60,54.393.046/0061-88"
ARA - B03310 (3) -  BOLETO SEM DESCRIÇÃO DE PGTO.pdf,"02.663.209/0001-60,54.393.046/0061-88"
ARA - B03310 -  BOLETO SEM DESCRIÇÃO DE PGTO.pdf,"02.663.209/0001-60,54.393.046/0061-88"
"ARA - B03310 33318,66 5,88 1574,68 12572,78 18254,40 CNPJ SENHA (2).pdf","0,2,.,6,3,9,/,1,-,,,5,4,8"
"ARA - B03310 8227,42 -84,15 1132,00 cnpj senha.pdf","0,,,2,.,6,3,9,/,1,-,5,4,8"
"ARA - B03310 9120,48 -20,44 CNPJ SENHA (3).pdf","0,,,2,.,6,3,9,/,1,-,5,4,8"
ARA - B03310.pdf,02.296.771/0001-01
ARI - B00610 -  (1).pdf,
ARI - B00610 -  (2).pdf,
ARI - B00610 - 10.02.2022 (1).pdf,
ARI - B00610 - 10.02.2022 (2).pdf,45.543.915/0001-81
ARI - B00610 - 15.02.2022 (1).pdf,
ARK - B0101 (2) - ELETRONICO.pdf,60.852.605/0001-32
ARK - B0101 - ELETRONICO.pdf,60.852.605/0001-32
ARK - B0101 PROGRAMAR ELETRONICO.pdf,60.852.605/0001-32
ASB - B01710 (2) - PROGRAMAR ELETRONICO.pdf,00.776.574/0001-56
ASB - B01710- ELETRONICO STFSANN005301-L.pdf,
ASB - B01710.pdf,00.776.574/0001-56
ASH - B0194 1.pdf,
ASH - B0194.pdf,03.841.348/0001-08
ASH - B01940 2 - BANCO OK.pdf,
ASH - B01940 2.pdf,
ASH - B01940 3 BANCO OK.pdf,
ASH - B01940 3.pdf,
ASH - B01940 4 BANCO OK.pdf,
ASH - B01940 4.pdf,
ASH - B01940 5 BANCO OK.pdf,
ASH - B01940 5.pdf,
ASH - B01940 6.pdf,
ASH - B01940 7 BANCO OK.pdf,
ASH - B01940 7.pdf,
ASH - B01940 8 BANCO OK.pdf,
ASH - B01940 8.pdf,
ASH - B01940 9 BANCO OK.pdf,
ASH - B01940 9.pdf,
ASH - B01940 BANCO OK.pdf,
ASH - B01940.pdf,
ASP - B08970 - LANÇAR.pdf,17.234.721/0001-69
ASP - B08970 FRANQ ALUGUEL.pdf,20.164.511/0001-56
ASP - B08970 FRANQ.pdf,21.764.677/0001-76
ASV - B5017.pdf,06.057.223/0001-71
ASV - B50170 ENVIAR FRANQ.pdf,06.057.223/0001-71
AUG - B00180.pdf,
AVD - B20540 (2).pdf,19.657.432/0001-06
AVD - B20540 PAGO ELETRONICO.pdf,19.657.432/0001-06
AVD - B20540.pdf,19.657.432/0001-06
AVO - B0081 2022-01-Rel Desp- MC Donalds- Itaim-166.pdf,"04.135.132/0001-81,52.130.481/0001-53"
AVO - B0081 2022-01-Rel Desp- MC Donalds- SMG-1185.pdf,"04.135.132/0001-81,52.130.481/0001-53"
AVO - B0081.pdf,"04.135.132/0001-81,52.130.481/0001-53"
AVR - B91570 - BANCO OK.pdf,93.209.765/0001-17
AVR - B91570.pdf,93.209.765/0001-17
AVT - 2502 (2) BANCO OK.pdf,00.776.574/0001-56
AVT - 2502 BANCO OK.pdf,00.776.574/0001-56
AXV - B02600 (2).pdf,78.434.123/0001-28
AXV - B02600 (3).pdf,78.434.123/0001-28
AXV - B02600.pdf,81.112.807/0001-18
"B054704-  6.046,40.pdf",
BA2 - B0860.pdf,05.878.397/0001-32
BA2 - B08600 - FRANQ2.pdf,05.878.397/0001-32
BA2 - B08600 ENVIAR FRANQ.pdf,05.878.397/0001-32
BA2 - B08600 FRANQ ALUGUEL.pdf,05.878.397/0001-32
BA2 - B08600.pdf,05.878.397/0001-32
BA3 - B60040 (2).pdf,05.878.397/0001-32
BA3 - B60040 (3).pdf,05.878.397/0001-32
BA3 - B60040 ENVIAR FRANQ.pdf,05.878.397/0001-32
BA3 - B60040 FRAN 3.pdf,05.878.397/0001-32
BA3 - B60040 FRANQ ALUGUEL - BANCO OK.pdf,05.878.397/0001-32
BA3 - B60040 FRANQ DESMEMBRAR.pdf,05.878.397/0001-32
BA3 - B60040.pdf,05.878.397/0001-32
BAG - B08260 - FRANQ.pdf,05.878.397/0001-32
BAG - B08260 ENVIAR FRANQ.pdf,05.878.397/0001-32
BAG - B08260 FRANQ DEMEMBRAR.pdf,05.878.397/0001-32
BAG - B08260.pdf,05.878.397/0001-32
BAL - 05.02.pdf,"09.477.652/0016-72,42,591.651/0001-43"
BAL - B0276.pdf,09.477.652/0016-72
BAL - B02760 FRANQ 2 INF BOLETO N ENCONTRADA.pdf,09.477.652/0039-69
BAM - B06640 FRANQ ALUGUEL (2).pdf,31.055.224/0001-24
BAM - B06640 FRANQ ALUGUEL.pdf,31.055.224/0001-24
BANCO  0302.pdf,
BANCO 0102.pdf,
banco 0202.pdf,
banco 0402.pdf,
banco 0702.pdf,
BANCO 0802 IMPOSTO.pdf,
BANCO 0802.pdf,
BANCO 0902.pdf,
banco 1002-STFSANN005301-L.pdf,
banco 1002.pdf,
BANCO 1102.pdf,
BANCO 1402.pdf,
BANCO 15.02.pdf,
banco 1502.pdf,
BANCO 1602.pdf,
BANCO 1702.pdf,
banco 1802.pdf,
BANCO 2202.pdf,
banco 2302.pdf,
banco 2402.pdf,
banco 2502.pdf,
banco imposto 0902.pdf,
banco imposto 2502.pdf,
Banco Itau.pdf,
BAS - B09260 ELETRONICO FRANQ ALUGUEL.pdf,"10.259.774/0001-95,51.524.676/0001-15"
BAS - B09260 ELETRONICO.pdf,"10.259.774/0001-95,51.524.676/0001-15"
BAS - B09260 FRANQ ALUGUEL.pdf,"02.520.148/0001-82,51.524.676/0001-15"
BAT - B9116 PROGRAMAR ENCARGOS.pdf,28.680.962/0001-58
BAT - B9116.pdf,01.472.861/0001-35
BAT - B91160 ENVIAR FRANQ.pdf,01.472.861/0001-35
BAT - B91160 FRANQ (SEM DESCRIÇÃO DE PGTO).pdf,06.022.940/0001-68
BAT - B91160 FRANQ (VERIFICAR ELETRONICO - TEM IPTU PARA DESMEMBRAR) (2).pdf,28.680.962/0001-58
BAT - B91160 FRANQ (VERIFICAR ELETRONICO - TEM IPTU PARA DESMEMBRAR) (3).pdf,28.680.962/0001-58
BAT - B91160 FRANQ (VERIFICAR ELETRONICO - TEM IPTU PARA DESMEMBRAR).pdf,28.680.962/0001-58
BAT - B91160 FRANQ.pdf,11.948.736/0001-02
BAT - B91160.pdf,11.948.736/0001-02
BAY - B0813.pdf,"04.321.130/0001-87,18.954.481/0001-30"
BAY - B08130 ENVIAR FRANCO.pdf,"20.739,535/0001-96,20.739.535/0001-96"
BAY - B08130 FRANCO ALUGUEL.pdf,"20.739,535/0001-96,20.739.535/0001-96"
BBH - B04140 - SOMA N BATE.pdf,29.303.077/0001-12
BBH - B04140.pdf,29.303.077/0001-12
BCA - B09600 ENVIAR FRANQ.pdf,26.401.280/0001-33
BCA - B09600 FRANQ ALUGUEL.pdf,26.401.280/0001-33
BCG - B06480 (2).pdf,37.777.719/0001-43
BCG - B06480.pdf,37.777.719/0001-43
BCP - B40070 FRANQ ALUGUEL (2).pdf,19.340.045/0001-33
BCP - B40070 FRANQ ALUGUEL (3).pdf,19.340.045/0001-33
BCP - B40070 FRANQ ALUGUEL.pdf,47.508.411/0001-56
BEC - B05540 ENVIAR FRANQ.pdf,02.287.538/0001-54
BEC - B05540 ENVIAR FRANQUEADO.pdf,02.287.538/0001-54
BEC - B05540 FRANCO ALUGUEL.pdf,02.287.538/0001-54
BEC - B05540 FRANQ ALUGUEL.pdf,02.287.538/0001-54
BFC - B03070.pdf,14.551.970/0001-90
"BH2 - B0356 - 77.959 ,11  BANCO OK.pdf",14.551.970/0001-90
BH2 - B03560   2.pdf,18.083.442/0001-04
BH2 - B03560 (2).pdf,18.083.442/0001-04
BH2 - B03560.pdf,05.294.268/0001-05
BIG - B08090 ENVIAR FRANQ (2).pdf,00.193.039/0001-72
BIG - B08090 ENVIAR FRANQ (3).pdf,00.193.039/0001-72
BIG - B08090 ENVIAR FRANQ (4).pdf,00.193.039/0001-72
BIG - B08090 ENVIAR FRANQ.pdf,00.193.039/0001-72
BIG - B08090 FRANQ ALUGUEL (2).pdf,00.193.039/0001-72
BIG - B08090 FRANQ ALUGUEL.pdf,00.193.039/0001-72
BLA - B01450 - VERIF ELETRONICO.pdf,52.488.962/0001-35
BLA - B01450.pdf,52.488.962/0001-35
BLI - B09020 FRANQ ALUGUEL.pdf,83.368.894/0001-02
BLO - B2001 FRAN PAG V2.pdf,28.240.693/0001-09
BLO - B2001 FRANQ (PAGAR V2) (3).pdf,28.240.693/0001-09
BLO - B2001 FRANQ (PAGAR V2).pdf,09.191.802/0001-09
BLO - B2001 FRANQ ALUGUEL.pdf,09.191.802/0001-09
BLO - B2001 FRANQ PAG V2 (2).pdf,28.240.693/0001-09
BLO - B2001 FRANQ PAG V2.pdf,21.764.677/0001-76
BMA - B11820.pdf,53.719.423/0001-22
BMG - B02007 ENVIAR FRANQ.pdf,"5,3,.,7,1,9,4,2,/,0,-"
BMG B0200 FRANQ - ELETRONICO.pdf,"5,,,3,.,7,1,9,4,2,/,0,-"
"BMR - B10250 - FALTA VALOR, FAVOR PINTAR.pdf",
BND - B2005.pdf,13.990.172/0001-00
BND - B20050 (2).pdf,13.990.172/0001-00
BND - B20050.pdf,13.990.172/0001-00
BNM - B41170 (4) - OK.pdf,
BNM - B41170 .pdf,
BNM - B41170.pdf,
"BNS - B02560  3656,20 E -678,87.pdf",95.827.556/0001-62
BNS - B02560 (2).pdf,"9,5,.,8,2,7,6,/,0,1,-"
BOD - B0917 - BANCO OK.pdf,
BOD - B0917 - erro banco.pdf,
BOD - B0917.pdf,
BOD - B09170 FRAN ALUGUEL.pdf,24.901.418/0001-38
BOD - JA BAIXADO.pdf,"2,4,.,9,0,1,8,/,-,3"
BOLETO IPTU 2021 - MUN - 125.129.0040-0 L.pdf,
BOLETO IPTU 2021 - MUN - 125.129.0041-9.pdf,
BOLETO IPTU 2021 - MUN - 125.129.0050-8.pdf,
BOLETO IPTU 2021 - MUN - 125.129.0053-2.pdf,
BOLETO IPTU 2021 - MUN - 125.129.0138-5.pdf,
BOLETO IPTU 2021 - MUN - 125.129.0164-4.pdf,
BOLETO IPTU 2022 - AAH.pdf,
BOLETO IPTU 2022 - ABA.pdf,
BOLETO IPTU 2022 - AE2.pdf,
BOLETO IPTU 2022 - AFD.pdf,
BOLETO IPTU 2022 - AFL - PARCELA 1 - MARIA LUCIA.pdf,
BOLETO IPTU 2022 - AFM.pdf,
BOLETO IPTU 2022 - AGT.pdf,
BOLETO IPTU 2022 - AIS.pdf,
BOLETO IPTU 2022 - AJB.pdf,
BOLETO IPTU 2022 - AJD.pdf,
BOLETO IPTU 2022 - ALS.pdf,
BOLETO IPTU 2022 - AMC.pdf,
BOLETO IPTU 2022 - AMO.pdf,
BOLETO IPTU 2022 - ANR.pdf,
BOLETO IPTU 2022 - ANZ.pdf,
BOLETO IPTU 2022 - APB.pdf,
BOLETO IPTU 2022 - ARP.pdf,
BOLETO IPTU 2022 - AUG.pdf,
BOLETO IPTU 2022 - BAR - 006.016.0813-5.pdf,
BOLETO IPTU 2022 - BAR - 006.016.0814-3.pdf,
BOLETO IPTU 2022 - BDT.pdf,
BOLETO IPTU 2022 - BGT.pdf,
BOLETO IPTU 2022 - BIC - 08180986.pdf,
BOLETO IPTU 2022 - BIC - 31639198.pdf,
BOLETO IPTU 2022 - BLE.pdf,
BOLETO IPTU 2022 - BOS - 3160125720 ERRO BAN.pdf,
BOLETO IPTU 2022 - BRA.pdf,
BOLETO IPTU 2022 - CAD.pdf,
BOLETO IPTU 2022 - CAK.pdf,"82.892.274/0001-05,10.617.328/0001-05"
BOLETO IPTU 2022 - CAR.pdf,
BOLETO IPTU 2022 - CAT.pdf,
BOLETO IPTU 2022 - CBR.pdf,
BOLETO IPTU 2022 - CEL.pdf,
BOLETO IPTU 2022 - CHA - BANCO OK.pdf,
BOLETO IPTU 2022 - CJD.pdf,
BOLETO IPTU 2022 - CRD.pdf,
BOLETO IPTU 2022 - CUR.pdf,
BOLETO IPTU 2022 - DCP.pdf,
BOLETO IPTU 2022 - DDD.pdf,24.093.385/0001-47
BOLETO IPTU 2022 - DOM.pdf,
BOLETO IPTU 2022 - DRG PROGRAMAR MANUAL.pdf,88.566.872/0001-62
BOLETO IPTU 2022 - DRT.pdf,
BOLETO IPTU 2022 - FAL.pdf,
BOLETO IPTU 2022 - FAO.pdf,
BOLETO IPTU 2022 - FLI.pdf,
BOLETO IPTU 2022 - FRE.pdf,
BOLETO IPTU 2022 - HGO CK.pdf,
BOLETO IPTU 2022 - HGO.pdf,
BOLETO IPTU 2022 - HSC.pdf,
BOLETO IPTU 2022 - IBI.pdf,
BOLETO IPTU 2022 - IDR.pdf,
BOLETO IPTU 2022 - IPI.pdf,
BOLETO IPTU 2022 - JAF.pdf,
BOLETO IPTU 2022 - LET.pdf,
BOLETO IPTU 2022 - LPA.pdf,
BOLETO IPTU 2022 - MAX.pdf,
BOLETO IPTU 2022 - MBT.pdf,
BOLETO IPTU 2022 - MCA - REJEIÇÃO.pdf,"29.131.075/0001-93,14.970.654/0001-52"
BOLETO IPTU 2022 - MEI - 03786183.pdf,
BOLETO IPTU 2022 - MEI - 03786191.pdf,
BOLETO IPTU 2022 - MER.pdf,
BOLETO IPTU 2022 - MRB - 05419841.pdf,
BOLETO IPTU 2022 - MRB - 05419858.pdf,
BOLETO IPTU 2022 - MUN - 125.129.0138-5.pdf,
BOLETO IPTU 2022 - MUN - 125.129.0164-4.pdf,
BOLETO IPTU 2022 - NDR.pdf,
BOLETO IPTU 2022 - NFL.pdf,
BOLETO IPTU 2022 - NIG - n achei (1).pdf,29.138.278/0001-01
BOLETO IPTU 2022 - NIG - n achei (2).pdf,29.138.278/0001-01
BOLETO IPTU 2022 - NPN.pdf,03.818.893/0001-75
BOLETO IPTU 2022 - PAC.pdf,
BOLETO IPTU 2022 - PAN - 081.188.0034-2.pdf,
BOLETO IPTU 2022 - PAN - 081.188.0035-0.pdf,
BOLETO IPTU 2022 - PAR - 017.017.0058-1.pdf,
BOLETO IPTU 2022 - PAR - 017.017.0954-6.pdf,
BOLETO IPTU 2022 - PAV.pdf,
BOLETO IPTU 2022 - PES.pdf,
BOLETO IPTU 2022 - PFL CK.pdf,
BOLETO IPTU 2022 - PIT.pdf,
BOLETO IPTU 2022 - PKE - 1008397.pdf,29.138.328/0001-50
BOLETO IPTU 2022 - PKE - 1598249.pdf,"13.572.534/0001-34,29.138.328/0001-50"
BOLETO IPTU 2022 - PND.pdf,
BOLETO IPTU 2022 - PQC.pdf,
BOLETO IPTU 2022 - PRV.pdf,
BOLETO IPTU 2022 - RB1 - 14264857.pdf,
BOLETO IPTU 2022 - RB1 - 14264865.pdf,
BOLETO IPTU 2022 - RB1 - 14264873.pdf,
BOLETO IPTU 2022 - RB4 - 05532650.pdf,
BOLETO IPTU 2022 - RB4 - 05532676.pdf,
BOLETO IPTU 2022 - RB4 - 05532700.pdf,
BOLETO IPTU 2022 - RCF - 3.29905-8.pdf,
BOLETO IPTU 2022 - RCF - 3.29906-6.pdf,
BOLETO IPTU 2022 - RCF - 3.29907-4.pdf,
BOLETO IPTU 2022 - RCF - 3.29908-2.pdf,
BOLETO IPTU 2022 - RCF - 3.29909-0.pdf,
BOLETO IPTU 2022 - RCF - 3.29910-4.pdf,
BOLETO IPTU 2022 - RCF - 3.42819-2.pdf,
BOLETO IPTU 2022 - RCF CK.pdf,
BOLETO IPTU 2022 - RES.pdf,
BOLETO IPTU 2022 - SAM.pdf,
BOLETO IPTU 2022 - SB2.pdf,
BOLETO IPTU 2022 - SBT.pdf,
BOLETO IPTU 2022 - SCD.pdf,45.358.249/0001-01
BOLETO IPTU 2022 - SCZ.pdf,
BOLETO IPTU 2022 - SET.pdf,
BOLETO IPTU 2022 - SIB.pdf,
BOLETO IPTU 2022 - SJO.pdf,
BOLETO IPTU 2022 - SMA ERRO.pdf,42.591.651/0674-85
BOLETO IPTU 2022 - STA.pdf,
BOLETO IPTU 2022 - SUB.pdf,
BOLETO IPTU 2022 - SUC - 04305090.pdf,
BOLETO IPTU 2022 - SUC - 04305116.pdf,
BOLETO IPTU 2022 - SUC - 04305124.pdf,
BOLETO IPTU 2022 - TAQ.pdf,
BOLETO IPTU 2022 - TIA - PARCELA 1 L.pdf,
BOLETO IPTU 2022 - TIJ.pdf,
BOLETO IPTU 2022 - TIR - 018.010.0058-1.pdf,
BOLETO IPTU 2022 - TIR - 018.010.0069-7.pdf,
BOLETO IPTU 2022 - UVA.pdf,
BOLETO IPTU 2022 - VAL.pdf,
BOLETO IPTU 2022 - VCM.pdf,
BOLETO IPTU 2022 - VLA.pdf,28.909.604/0001-74
BOLETO IPTU 2022 - VMA.pdf,
BOLETO IPTU 2022 - VOL.pdf,
BOLETO IPTU 2022 - WHI.pdf,
BOLETO IPTU 2022 - WLZ.pdf,
BOLETO IPTU 2022 - ZUQ - BANCO OK.pdf,
Boletos - FALTA DEMONSTRATIVO.pdf,47.508.411/0001-56
BOLETOS IPTU 2022 - ADR - PAGAR TODOS OS BOLETOS.pdf,
"Boleto_ARCOS DOURADOS COM_1446,50.pdf",47.508.411/0001-56
BPA - B02970 - 3 BOLETOS - BANCO OK.pdf,17.745.613/0001-50
BPE - B20030 (2).pdf,"1,7,.,4,5,6,3,/,0,-"
BPE - B20030.pdf,11.096.279/0001-75
BPE - VALOR EM ABERTO 042020 21.02.pdf,11.096.279/0001-75
BPT - B70200 ENVIAR FRANQ.pdf,"04.126.722/0001-48,23.743.547/0001-82"
BPT - B70200 FRANQ ALUGUEL.pdf,23.743.547/0001-82
"BRA - B00630  185,20 350,00 1345,15.pdf","2,3,.,7,4,5,/,0,1,-,8"
BRA - B00630 - ELETRONICO.pdf,"2,,,3,.,7,4,5,/,0,1,-,8"
BRD - B02330 VERIF ELETRONICO.pdf,42.031.201/0001-04
BRD - B02330.pdf,24.525.191/0001-34
BRU - 05.02.pdf,"09.477.652/0039-69,42,591.651/0001-43"
BRU - B0262 (2).pdf,03.262.205/0001-33
BRU - B0262.pdf,09.477.652/0039-69
BRU - B02620.pdf,72.192.230/0001-00
BS3 - B03480.pdf,14.551.970/0001-90
BS4 - B03770 (6).pdf,"42.591.651/0437-05,14.551.970/0001-90"
BS4 - B03770.pdf,"42.591.651/0437-05,14.551.970/0001-90"
BSB - B0947 - DESMEMBRAR (2).pdf,08.711.824/0001-81
BSB - B0947 - DESMEMBRAR.pdf,08.711.824/0001-81
BSB - B0947 - ENVIAR FRANQ.pdf,08.711.824/0001-81
BSB - B09470 ENVIAR FRANQ (2).pdf,08.711.824/0001-81
BSB - B09470 ENVIAR FRANQ 2.pdf,08.711.824/0001-81
BSB - B09470 ENVIAR FRANQ.pdf,08.711.824/0001-81
BSB - B09470 FRANCO DESMEMBRAR.pdf,08.711.824/0001-81
BSB - B09470 FRANQ ALUEL.pdf,08.711.824/0001-81
BSB - B09470 FRANQ ALUGUEL (2).pdf,08.711.824/0001-81
BSB - B09470 FRANQ ALUGUEL.pdf,08.711.824/0001-81
BSB - B09470 FRANQ DESMEMBRAR(2).pdf,08.711.824/0001-81
BSG - B07500 ENVIAR FRANQ.pdf,53.330.296/0001-75
BSH - B02870.pdf,14.551.970/0001-90
BSL.pdf,07.130.138/0001-54
BSN - B70020 FRANQ ALUGUEL (1).pdf,10.193.021/0001-24
BSN - B70020 FRANQ ALUGUEL.pdf,10.193.021/0001-24
BST - B08950 FRANQ ALUGUEL.pdf,01.627.946/0001-45
BTL - B08710 - ENVIAR FRANQ.pdf,"44.192.474/0001-58,18.726.478/0001-00,78.726.478/0001-90"
BTL - B08710 - FRANQ - ELETRONICO.pdf,"44.192.474/0001-58,78.726.478/0001-00,78.726.478/0001-90"
BTL - B08710 DESMEMBRAR (2).pdf,79.792.883/0001-70
BTL - B08710 DESMEMBRAR (3).pdf,79.792.883/0001-70
BTL - B08710 DESMEMBRAR 1.pdf,79.792.883/0001-70
BTL - B08710 DESMEMBRAR.pdf,79.792.883/0001-70
BTS - B7042 - BANCO OK.pdf,02.773.542/0001-22
BTS - B7042 FRANCO ALUGUEL (2).pdf,02.773.542/0001-22
BTS - B7042 FRANCO ALUGUEL.pdf,02.773.542/0001-22
BUD - B06130 (2).pdf,01.003.352/0001-63
BUD - B06130.pdf,01.003.352/0001-63
BUT - B00390.pdf,86.909.348/0001-11
BUZ - B03990 ENVIAR FRANQ (2) 2.pdf,40.242.976/0001-95
BUZ - B03990 ENVIAR FRANQ (2).pdf,40.242.976/0001-95
BUZ - B03990 ENVIAR FRANQ (3) 2.pdf,40.242.976/0001-95
BUZ - B03990 ENVIAR FRANQ (3).pdf,40.242.976/0001-95
BUZ - B03990 ENVIAR FRANQ (4) 2.pdf,40.242.976/0001-95
BUZ - B03990 ENVIAR FRANQ (4).pdf,40.242.976/0001-95
BUZ - B03990 ENVIAR FRANQ (5) 2.pdf,40.242.976/0001-95
BUZ - B03990 ENVIAR FRANQ (5).pdf,"42.591.661/0001-43,40.242.976/0001-95,42.691.851/0001-43"
BUZ - B03990 ENVIAR FRANQ 2.pdf,40.242.976/0001-95
BUZ - B03990 ENVIAR FRANQ.pdf,40.242.976/0001-95
BVC - B09670 (2).pdf,"32.772.699/0001-02,42,591.651/0001-43"
BVC - B09670.pdf,"32.772.699/0001-02,42,591.651/0001-43"
BVE - B03740 ELETRONICO.pdf,21.465.149/0001-16
BVE - B03740 PROGRAMAR ENCARGOS (2).pdf,21.465.149/0001-16
BVE – B0374 - 24.02.pdf,
"BVL - 21.02 4.165 ,69 banco ok.pdf",00.250.440/0001-05
BVL - B0273 1.pdf,03.262.205/0001-33
BVL - B0273.pdf,79.379.491/0001-83
BVV - B04450 ENVIAR FRANQ (2).pdf,15.091.769/0001-30
BVV - B04450 ENVIAR FRANQ.pdf,15.091.769/0001-30
BVV - B04450 FRANQ ALUGUEL (2) - LANÇAR COMPLEMENTO.pdf,15.091.769/0001-30
BVV - B04450 FRANQ ALUGUEL - VERIFICAR!!!.pdf,15.091.769/0001-30
BVV - B04450 FRANQ ALUGUEL 2.pdf,15.091.769/0001-30
BVV - B04450 FRANQ ALUGUEL SOMA N BATE.pdf,15.091.769/0001-30
BVV - B04450 FRANQ DESMEMBRAR.pdf,15.091.769/0001-30
CAB - B0507 - PAGO EM 03.02.pdf,"17.244,360/0001-31,17.244.360/0001-31"
"CAB - B05070 - 56.613,62 BANCO OK.pdf",61.014.965/0001-28
CAB - B05070 - PAGO 03.02.pdf,"17.244,360/0001-31,17.244.360/0001-31"
CAB - B05070.pdf,"17.244.360/0001-31,17.244,360/0001-31"
CAP - B03540 - ELETRONICO.pdf,"28.597.077/0001-00,42.591.651/0797-34"
CAR - B40260.pdf,"30.895.765/0001-06,42,591.651/0001-43"
CAX - B05220 ENVIAR FRANQ.pdf,
CAX - B05220 FRANQ ALUGUEL (3).pdf,
CAX - B05220 FRANQ ALUGUEL.pdf,
CAX - B05220 FRANQ DESMEMBRAR.pdf,
CB2 - B05750 DESMEMBRAR (2).pdf,
CB2 - B05750 FRANQ DESMEMBRAR.pdf,
CBD - 16.02.pdf,79.792.883/0001-70
CDE - B03510 (2).pdf,38.723.904/0001-18
CDE - B03510 (3).pdf,38.723.904/0001-18
CDE - B03510.pdf,38.723.904/0001-18
CDU - B41260.pdf,03.470.450/0001-36
CEL - B0345.pdf,"33.130.543/0001-82,18.954.481/0001-30"
CEL - B03450 (2).pdf,02.768.258/0001-68
CEL - B03450.pdf,02.768.258/0001-68
CEP - B01960 ENVIAR FRANQ (3).pdf,53.820.585/0001-52
CEP - B01960 ENVIAR FRANQ.pdf,53.820.585/0001-52
CEP - B01960 FRANQ ALUGUEL.pdf,"48,142.335/0001-70"
CFO - B20690 FRANQ ALUGUEL - VERIFICAR NO ORACLE O PGTO.pdf,07.859.510/0003-20
CFR - B05420 -  (1).pdf,
CFR - B05420 -  (2).pdf,45.543.915/0001-81
CFR - B05420 - 2 (1).pdf,
CFR - B05420 - 2 (2).pdf,
CGG - B00920 -  (1).pdf,45.543.915/0001-81
CGG - B00920 -  (2).pdf,
CGG - B00920 - DESMEMBRAR (1).pdf,
CGG - B00920 - DESMEMBRAR (2).pdf,45.543.915/0001-81
CGS - B06670 (2).pdf,35.794.505/0001-50
CGS - B06670.pdf,35.794.505/0001-50
CIT - B1161 - ELETRONICO.pdf,
CIT B1161 - AAH B0247 - AFD B0106 - SAP B0129.pdf,
CMA - B09290 ENVIAR FRANQ.pdf,42.109.941/0001-08
CMA - B09290 FRANQ ALUGUEL.pdf,42.109.941/0001-08
CMV - B41020.pdf,08.788.323/0001-01
CNA - B9113 - 05.02.pdf,14.551.970/0001-90
CNA - B9113 FRANQ DESMEMBRAR BANCO OK.pdf,14.551.970/0001-90
CNA - B91130 FRANQ ALUGUEL.pdf,14.551.970/0001-90
CNA - B91130 FRANQ PAG V2.pdf,14.551.970/0001-90
CNB - B05130 (2) - BOLETO PAGO 17.01.pdf,00.719.559/0001-76
CNB - B05130 (2).pdf,00.719.559/0001-76
CNB - B05130 - BOLETO PAGO 17.01.pdf,11.366.392/0001-23
"CNB - B05130 - LANÇAR 612,97.pdf",11.366.392/0001-23
CNB - B05130.pdf,00.719.559/0001-76
CNL - B0311.pdf,"53.817.748/0001-48,42.591.651/0938-00"
"CNL - B03110 (3) LANÇAR 569,99.pdf",04.279.183/0001-87
CNL - B03110.pdf,04.279.183/0001-87
CNO - B70030 FRANQ ALUGUEL.pdf,17.035.371/0001-01
CNS - B0900.pdf,09.457.452/0001-71
CNS - B09000 BANCO OK].pdf,09.457.452/0001-71
CNS - B09000 ENVIAR FRANQ.pdf,09.457.452/0001-71
CNS - B09000 ENVIAR FRANQUEADOS.pdf,09.457.452/0001-71
CNS - B09000 FRANQ (PAGAMOS V2).pdf,09.457.452/0001-71
CNS - B09000 FRANQ ALUGUEL.pdf,02.470.887/0001-07
CNT - B2002 ENVIAR FRANQ.pdf,17.959.398/0001-90
CNT - B2002 FRANQ ALUGUEL L.pdf,17.959.398/0001-90
COL - B07250 - DESMMEBRAR (1).pdf,45.543.915/0001-81
COL - B07250 - DESMMEBRAR (2).pdf,
CON - B00360 ELETRONICO FRANQ ALUGUEL.pdf,11.264.088/0001-75
CON - B00360 ENVIAR FRANQ (VERIF ELETRONICO).pdf,47.187.794/0001-08
CON - B00360 ENVIAR FRANQ 2.pdf,47.187.794/0001-08
CON - B00360 ENVIAR FRANQ.pdf,47.187.794/0001-08
CON - B00360 FRANQ ALUGUEL (VERIF ELETRONICO).pdf,11.264.088/0001-75
CON - B00360 FRANQ ALUGUEL.pdf,11.264.088/0001-75
CONSUMO SHOPPING JANEIRO 2022A.pdf,
COS - B01100 -  (1).pdf,
COS - B01100 -  (2).pdf,
COS - B01100 -  (3).pdf,45.543.915/0001-81
COS - B01100 -  (4).pdf,45.543.915/0001-81
COT - B02710 (2).pdf,21.764.677/0001-76
COT - B02710.pdf,"2,1,.,7,6,4,/,0,-"
"CP2 - VALOR BANCO 16.322,84 BANCO OK.pdf","68.608.389/0001-96,08.029.844/0001-77"
CPG - B05430 - LANÇADO 823.pdf,
CPG - B05430.pdf,
CPL - B01050.pdf,03.421.538/0001-68
CPL 21-02 (2).pdf,03.618.549/0001-32
CPL 21-02.pdf,03.618.549/0001-32
CRA - B0373 - BANCO OK.pdf,31.992.415/0001-12
CRA - B03730 DESMEMBRAR (2).pdf,"10.744.882/0001-53,18.954.481/0001-30"
CRA - B03730 DESMEMBRAR.pdf,"18.571.385/0001-02,18.954.481/0001-30"
CRA - B03730 ENVIAR FRANQ.pdf,"18.571.385/0001-02,18.954.481/0001-30"
"CRA - B03730 FRANQ ALUGUEL - LANÇAR 0,01.pdf","18.571.385/0001-02,18.954.481/0001-30"
CRA - B03730 FRANQ ALUGUEL.pdf,"18.571.385/0001-02,18.954.481/0001-30"
CRD - B10190 - VERICAR LANÇAMENTOS.pdf,13.222.616/0001-59
CRD - B10190.pdf,13.222.616/0001-59
CRR - B2083 - 15.02.2022 - COND.pdf,30.890.346/0001-73
CRR - B2083 - 15.02.2022 - FPP.pdf,30.890.346/0001-73
CRR - B20830 ENVIAR FRANQ (2).pdf,30.890.346/0001-73
CRR - B20830 ENVIAR FRANQ 3.pdf,30.890.346/0001-73
CRR - B20830 ENVIAR FRANQ 4.pdf,30.890.346/0001-73
CRR - B20830 ENVIAR FRANQ.pdf,30.890.346/0001-73
CRR - B20830 FRANQ ALUGUEL.pdf,30.890.346/0001-73
CRT - B05020 ELETRONICO.pdf,
CSA - B01480 -  (1).pdf,45.543.915/0001-81
CSA - B01480 -  (2).pdf,45.543.915/0001-81
CSA - B01480 - 2 (1).pdf,45.543.915/0001-81
CSA - B01480 - 2 (2).pdf,
CSB - B00730 -  (1).pdf,
CSB - B00730 -  (2).pdf,45.543.915/0001-81
CSB - B00730 -  (3).pdf,45.543.915/0001-81
CSB - B00730 -  (4).pdf,
CSC - B01690  JÁ TEM BOLETO COM ENCARGOS.pdf,
CSC - B01690 (2) FAVOR PINTAR.pdf,
CSC - B01690 (2).pdf,
CSC - B01690 (3).pdf,
CSC - B01690 (4).pdf,
CSC - B01690 (5).pdf,
CSC - B01690 - LANÇAR.pdf,
CSC - B01690 3 JÁ TEM BOLETO COM ALUGUEL.pdf,
CSC - B01690 JÁ TEM BOLETO COM ENCARGOS.pdf,
CSC - B01690 JÁ TEM BOLETO COM O ALUGUEL.pdf,
CSC - B01690.pdf,
CSO - B07490 -  (1).pdf,45.543.915/0001-81
CSO - B07490 -  (2).pdf,45.543.915/0001-81
CSO - B07490 ENVIAR FRANQ (2).pdf,50.333.699/0001-80
CSO - B07490 ENVIAR FRANQ (3).pdf,50.333.699/0001-80
CSO - B07490 ENVIAR FRANQ.pdf,"14.444.950/0001-10,14.444,950/0001-10"
CSO - B07490 FRANCO ALUGUEL (2).pdf,50.333.699/0001-80
CSO - B07490 FRANQ - ENERGIA.pdf,50.948.371/0013-01
CSO - B07490.pdf,05.093.715/0001-50
CSQ - B05110 (2).pdf,
CSQ - B05110.pdf,
CSS - B70280 - FRANQ - PAGAR V2 - LANÇAR ESTORNO.pdf,
CSS - B70280 2.pdf,
CSS - B70280 FRANQ PAG V2.pdf,
CSS - B70280.pdf,
CTA - B0790 - Contrato 2096.pdf,18.242.072/0001-00
CTA - B0790 - ERRO BANCO.pdf,"1,8,.,2,4,0,7,/,-"
CTA - B0790 - PAGAR.pdf,"1,,,8,.,2,4,0,7,/,-"
CTA - B0790.pdf,18.242.072/0001-00
CTG - B08310 ENVIAR FRANQ.pdf,12.429.281/0001-81
CTG - B08310 FRANQ ALUGUEL - ELETRONICO.pdf,03.412.055/0001-05
CTR - B20850 ENVIAR FRANQ.pdf,08.652.138/0001-87
CTR - B20850 FRANQ 2.pdf,08.652.138/0001-87
CTR - B20850 FRANQ.pdf,08.652.138/0001-87
CUB - B1045.pdf,47.508.411/0001-56
CVK - 15.02 - BANCO OK.pdf,45.401.007/0001-53
CVK - B07290 - VERIF LANÇAMENTO.pdf,45.401.007/0001-53
CVK - B07290 ENVIAR FRANQ.pdf,45.401.007/0001-53
CVK - B07290 FRANQ ALUGUEL - DESMEMBRAR.pdf,45.401.007/0001-53
CVK - B07290 FRANQ ALUGUEL.pdf,45.401.007/0001-53
D1D - B00580 VERIF ELETRONICO.pdf,"67.630.558/0001-27,67.630.558/0001-21"
D1D - B00580.pdf,09.596.169/0001-20
DAC - B0925.pdf,10.431.564/0001-32
DAC - B09250 FRANQ ALUGUEL - VERIF LANÇAMENTOS.pdf,10.431.564/0001-32
"DAC - B09250 FRANQ ALUGUEL FALTAM 0,90.pdf",10.431.564/0001-32
DAC - B09250 VERIF ELETRONICO.pdf,10.984.317/0001-63
"DAS - B20550 - 239 ,72 BANCO OK.pdf",17.191.798/0001-07
DAS - B20550 - BOLETO SEM DESCRIÇÃO DE PGTO.pdf,57.546.715/0007-57
DAS - B20550 - NAO ENCONTREI.pdf,34.780.489/0001-83
DBI - B20870.pdf,11.948.736/0001-02
DBR - B03530.pdf,31.546.666/0001-73
DCA - B06370 - VERIF LANÇAMENTOS.pdf,
DGR - B06360.pdf,93.209.765/0001-17
DIA - B03240 (2).pdf,14.551.970/0001-90
DIA - B03240 (3).pdf,14.551.970/0001-90
DIA - B03240.pdf,14.551.970/0001-90
DOW - B03570 (1 - NAO TEM LINHA DE LANÇAMENTO.pdf,
DOW - B03570 - VERIF LANÇAMENTOS.pdf,
"DOW - B03570 FALTA 3925,76.pdf",02.686.197/0001-90
DPI - B02580   2.pdf,11.948.736/0001-02
"DPI - B02580 - 3446,23.pdf",32.829.299/0001-88
DPI - B02580 - processar.pdf,03.582.819/0001-00
DPI - B02580.pdf,03.582.819/0001-00
DPM - B07530 FRANQ (2).pdf,09.281.025/0001-85
DPM - B07530 FRANQ.pdf,09.281.025/0001-85
DPT -17.02.pdf,00.387.387/0001-80
DRE - B03010 (2) 1.pdf,
DRE - B03010 (2) ERRO BANCO.pdf,
DRE - B03010 (2).pdf,
DRE - B03010 (4).pdf,
DRE - B03010 - ERRO BANCO.pdf,
DRE - B03010.pdf,
DRG - B20110 (2).pdf,27.289.483/0001-42
DRG - B20110 2.pdf,92.213.552/0001-04
DRG - B20110.pdf,27.289.483/0001-42
DSE - B20700.pdf,07.889.007/0001-55
DTM - B91120 FRANQ ALUGUEL.pdf,28.474.019/0001-99
DTM - B91120 FRANQ DESMEMBRAR.pdf,28.474.019/0001-99
DTP - B91150 -  (1).pdf,
DTP - B91150 -  (2).pdf,45.543.915/0001-81
DTP - B91150 VERIF ELETRONICO.pdf,10.456.799/0001-89
DUN - B01270 ENVIAR FRANQ - .pdf,
DUN - B01270 ENVIAR FRANQ.pdf,
DUN - B01270 FRANQ (ENVIAR FRANQ).pdf,
DUN - B01270 FRANQ DESMEMBRAR.pdf,
DVH - B02720   2.pdf,11.948.736/0001-02
"DVH - B02720  - 3446,23 VERIF LANÇAMENTOS.pdf",32.829.299/0001-88
e-mail lote formatado.pdf,
E-MAIL LOTE FORMATADP.pdf,
EB2 - B04360.pdf,
EB2 - B41280.pdf,
EBA - B4056 - 05.02.pdf,
EBA - B4056.pdf,
EBA - B40560 (2).pdf,
EBA - B40560 - ERRO BANCO.pdf,
EBA - B40560 - ja baixado.pdf,
EBA - B40560.pdf,
EBH - B04360 (2).pdf,
"EBH - B04360 - LANÇAR -0,01.pdf",
EBH - B04360 JÁ TEM BOLETO COM ALUGUEL.pdf,
EBH - B04360 JÁ TEM BOLETO COM ENCARGOS.pdf,
EBH - B04360.pdf,
EBH B0436 - PROGRAMAR ELETRONICO.pdf,00.589.428/0001-11
EMA - B07090 FRANQ ALUGUEL (2) VERIF ELETRONICO.pdf,43.432.285/0001-42
EMA - B07090 FRANQ ALUGUEL.pdf,23.791.699/0001-50
EMAIL LOTE FORMATADO.pdf,
ETA - B00540 -  (1).pdf,
ETA - B00540 -  (2).pdf,
ETA - B00540 - 2 (1).pdf,
ETA - B00540 - 2 (2).pdf,45.543.915/0001-81
FAL - B05490  -ELETRONICO.pdf,"4,5,.,3,9,1,/,0,-,8"
FAL - B05490 (2) - TIRAR DA SOMA - ELETRONICO.pdf,63.560.114/0001-06
FAL - B05490.pdf,
FCR - B11140 (2).pdf,31.151.245/0001-43
FCR - B11140 - BANCO OK.pdf,34.780.489/0001-83
FCR - B11140 2.pdf,38.355.858/0001-41
FCR - B11140.pdf,31.151.245/0001-43
FDP - B05990 FRANQ ALUGUEL.pdf,"3,1,.,5,2,4,/,0,-"
FEL 25.02 (2).pdf,05.462.055/0001-37
FES - B05340 (2).pdf,
FES - B05340 (3).pdf,
FES - B05340 (4).pdf,
FES - B05340 (5).pdf,
FES - B05340.pdf,
FGB - B40210 (2).pdf,"19.248.604/0001-80,42,591.651/0001-43"
"FGB - B40210 LANÇAR  301,60.pdf","19.248.604/0001-80,42,591.651/0001-43"
FGB - B40210.pdf,19.248.604/0001-80
"FGV - B40050 - BANCO OK FALTA 0,01.pdf",
FIG  - B08820.pdf,"06.601.496/0001-35,29.738.226/0001-76"
Filial(1)_Contrato(1150)_Loja(150)_NumBoleto(5).pdf,"0,6,.,1,4,9,/,-,3,5,,,2,7,8"
FLP - B03520 - SOLICITAR NOVO BOLETO.pdf,"0,,,6,.,1,4,9,/,-,3,5,2,7,8"
FNS - B05500 (2).pdf,17.792.484/0001-51
FNS - B05500.pdf,17.792.484/0001-51
FOP - B91140   2.pdf,18.701.109/0001-11
FOP - B91140 - ENERGIA.pdf,21.764.677/0001-76
FOP - B91140.pdf,21.764.677/0001-76
FOZ - B05300   2.pdf,11.948.736/0001-02
FOZ - B05300.pdf,21.764.677/0001-76
FRA - B05280 (2).pdf,08.430.570/0001-23
"FRA - B05280 - LANÇADO 12,85 INCORRETAMENTE.pdf",08.430.570/0001-23
FRA - B05280 SOMA N BATE.pdf,68.323.609/0001-35
FRA - B05280.pdf,68.323.609/0001-35
FRB - B08830 FRANQ PAG V2.pdf,13.004.510/0001-89
FRB - B08830 FRANQ PAGAR V2 - BANCO OK.pdf,13.004.510/0001-89
FRB -21.02.pdf,"35.705.597/0001-54,07.340.995/0001-89"
FRM - B1103.pdf,02.773.542/0001-22
FRW - B03040 VERIF ELETRONICO.pdf,30.240.444/0001-65
FSM l Mc Donald's- 24.02.2022.pdf,20.656.193/0001-40
FST - B03870 2.pdf,22.790.286/0001-99
FST - B03870.pdf,"08.090.481/0001-85,08,090.481/0001-85"
FTA - B0711 PARCELA IPTU-2020.pdf,01.086.379/0001-67
FVS - B06300 FRANQ (PAGAR V2) VERIF LANÇAMENTOS.pdf,19.807.185/0001-79
FVS - B06300.pdf,19.807.185/0001-79
GBA - B4122.pdf,"04.321.130/0001-87,18.954.481/0001-30"
GCR - B40140 ENVIAR FRANQ (2).pdf,18.056.435/0001-13
GCR - B40140 ENVIAR FRANQ (3).pdf,18.056.435/0001-13
GCR - B40140 ENVIAR FRANQ.pdf,18.056.435/0001-13
GD2 - B1093 .pdf,"49.051.667/0001-02,42.591.651/2111-95"
GDR - B08100 (2) FRANQ.pdf,31.698.759/0001-13
GDR - B08100 FRANQ (2).pdf,31.698.759/0001-13
GDR - B08100 FRANQ.pdf,31.698.759/0001-13
GDU - B10750 -.pdf,41.757.301/0001-41
GDU - B10750.pdf,41.757.301/0001-41
GED - B07590 - DESMEMBRAR (1).pdf,45.543.915/0001-81
GED - B07590 - DESMEMBRAR (2).pdf,
GFS - B40590 (2).pdf,02.103.836/0001-47
GFS - B40590 (3).pdf,02.103.836/0001-47
GFS - B40590 (4).pdf,02.103.836/0001-47
GFS - B40590 (5).pdf,02.103.836/0001-47
GFS - B40590.pdf,02.103.836/0001-47
GI2 - 23.02 (10).pdf,15.578.569/0001-06
GI2 - 23.02 (11).pdf,15.578.569/0001-06
GI2 - 23.02 (12).pdf,15.578.569/0001-06
GI2 - 23.02 (2).pdf,15.578.569/0001-06
GI2 - 23.02 (3).pdf,15.578.569/0001-06
GI2 - 23.02 (6).pdf,15.578.569/0001-06
GI2 - 23.02 (7).pdf,15.578.569/0001-06
GI2 - 23.02 (8).pdf,15.578.569/0001-06
GI2 - 23.02 (9).pdf,15.578.569/0001-06
GI2 - 23.02.pdf,15.578.569/0001-06
GIA 23.02 (2).pdf,15.578.569/0001-06
GIA 23.02 (3).pdf,15.578.569/0001-06
GIA 23.02 (4).pdf,15.578.569/0001-06
GIA 23.02 (5).pdf,15.578.569/0001-06
GIA 23.02 (6).pdf,15.578.569/0001-06
GIA 23.02.pdf,15.578.569/0001-06
GIB - B40240.pdf,32.899.175/0001-79
GIB 18.02.pdf,32.899.175/0001-79
GIB Boleto0945494-14000000000000345- MCD.pdf,32.899.175/0001-79
GMM - B40740 (2).pdf,22.291.941/0001-64
GMM - B40740.pdf,15.576.392/0001-09
GNA - B0446.pdf,"04.321.130/0001-87,18.954.481/0001-30"
GNB - B41060.pdf,"04.321.130/0001-87,18.954.481/0001-30"
GNC - B6002 FRANCO PAG ENCARGOS (4).pdf,"04.321.130/0001-87,18.954.481/0001-30"
GNG - 1802.pdf,"04.321.130/0001-87,18.954.481/0001-30"
GNG.pdf,"04.321.130/0001-87,18.954.481/0001-30"
GOI - B05520.pdf,02.103.836/0001-47
GOL - B10340 (2).1.pdf,23.150.045/0001-48
GOL - B10340 (2).pdf,23.150.045/0001-48
GOL - B10340.pdf,23.150.045/0001-48
GOS - B05680 - verif lançamento.pdf,
GOS - B05680.pdf,
GPA - B40020 (2) 2.pdf,01.874.077/0001-53
GPA - B40020 (2)-STFSANN005301-L.pdf,01.874.077/0001-53
GPA - B40020 (2).pdf,01.874.077/0001-53
GPA - B40020 (3)-STFSANN005301-L.pdf,23.282.496/0001-39
GPA - B40020 (4).pdf,23.282.496/0001-39
GPA - B40020 (6)-STFSANN005301-L.pdf,23.282.496/0001-39
GPA - B40020 (6).pdf,01.874.077/0001-53
GPA - B40020 - LANÇAR ESTORNO.pdf,01.874.077/0001-53
GPA - B40020-STFSANN005301-L.pdf,23.282.496/0001-39
GPA - B40020.pdf,23.282.496/0001-39
GPS - B06510 FRANCO.pdf,22.868.596/0001-89
GPS - B06510 FRANQ (PAGAMOS DESPESA).pdf,22.868.596/0001-89
GPS - B06510 FRANQ ALUGUEL.pdf,22.868.596/0001-89
GPS 22.02.pdf,22.868.596/0001-89
GS2 - B01730.pdf,03.255.911/0001-58
GSC - B00970 (2).pdf,01.677.206/0001-13
GSC - B00970 - VERIF.pdf,01.677.206/0001-13
GSC - B00970.pdf,"03.255.911/0001-58,44.192.474/0001-58"
GSM - B09640 ENVIAR FRANQ.pdf,28.810.149/0001-55
GSM - B09640 FRANQ ALUGUEL (2).pdf,28.810.149/0001-55
GSM - B09640 FRANQ ALUGUEL.pdf,28.810.149/0001-55
GT2 (2).pdf,19.726.111/0001-08
GT2.pdf,19.726.111/0001-08
Guia GTV B0451 - erro banco.pdf,
Guia IMI B0050.pdf,
Guia PND B0392.pdf,
Guia PUR B0863 (TJMG).pdf,
Guia PUR B0863 (TJSP).pdf,
Guia SBL B0955.pdf,
Guia SSC B0089.pdf,
Guia VTP B2079.pdf,
GUS - B04210 (2).pdf,11.024.120/0001-45
GUS - B04210 - VERIF LANÇAMENTOS.pdf,11.024.120/0001-45
GUS - B04210.pdf,11.024.120/0001-45
GVD - B03790 L - FALTA 30 CENTAVOS.pdf,16.725.178/0001-30
GVD - B03790.pdf,16.725.178/0001-30
HGO - B02810.pdf,
HOD - B0268 FRANQ (3) BANCO OK.pdf,13.518.926/0001-15
HOD - B70130 - FRANQ - ALUGUEL BAIXADO.pdf,13.518.926/0001-15
HOD - B70130 - FRANQ - CONDOMINIO (2).pdf,09.486.320/0001-78
HOD - B70130 - FRANQ - CONDOMINIO (3).pdf,13.518.926/0001-15
HOD - B70130 - FRANQ - CONDOMINIO.pdf,13.518.926/0001-15
HOR - B02680 (2) - franq.pdf,14.586.624/0001-47
HOR - B02680 ENVIAR FRANQ 3.pdf,"14,586.624/0001-47"
HOR - B02680 ENVIAR FRANQ.pdf,14.586.624/0001-47
HOR - B02680 FRANQ ALUGUEL.pdf,14.586.624/0001-47
HOR - B02680 FRANQ DESMEMBRAR.pdf,14.586.624/0001-47
HOR - B02680.pdf,14.586.624/0001-47
IBA - B2340 - .pdf,06.197.217/0001-10
IBA - B2340 -.pdf,06.197.217/0001-10
IBA B0234 - eletronico.pdf,"0,6,.,1,9,7,2,/,-"
IBE - B1059 FRANQ.pdf,16.881.767/0011-89
IBE - B1059.pdf,16.881.767/0001-07
IBE B1059.pdf,16.881.767/0009-64
"IBM - B06410 - VENCIDO 34.291 ,86.pdf","92.691.336/0001-66,06.088.383/0001-88"
ICG - B05720 (2) BOLETO SEM DESCRIÇÃO DE PGTO.pdf,"03.251.434/0001-52,42.591.651/2006-65"
ICG - B05720 (2).pdf,03.557.614/0001-67
ICG - B05720 2 BOLETO SEM DESCRIÇÃO DE PGTO.pdf,"03.251.434/0001-52,42.591.651/0400-13"
ICG - B05720 BOLETO SEM DESCRIÇÃO DE PGTO.pdf,"03.251.434/0001-52,42.591.651/1201-22"
ICG - B05720.pdf,03.557.614/0001-67
IGC - B0814 ELETRONICO.pdf,32.726.717/0001-01
IGC - B08140 FRANQ ALUGUEL (2) - ELETRONICO.pdf,32.726.717/0001-01
IGC - B08140 FRANQ ALUGUEL - PROGRAMAR ELETRONICO.pdf,32.726.717/0001-01
IGT - B03180.pdf,01.521.060/0001-12
IN2 - B01420 (2) .2.pdf,33.453.739/0001-08
IN2 - B01420 (2).pdf,33.453.739/0001-08
IN2 - B01420 (3).pdf,57.120.362/0001-33
IN2 - B01420 (4).pdf,60.267.564/0001-17
IN2 - B01420 (5).pdf,56.563.158/0001-24
IN2 - B01420 -  (1).pdf,
IN2 - B01420 -  (2).pdf,
IN2 - B01420 - 10.02.2022 (1).pdf,45.543.915/0001-81
IN2 - B01420 - 10.02.2022 (2).pdf,
IN2 - B01420 3.pdf,33.453.739/0001-08
IN2 - B01420.pdf,56.563.158/0001-24
"INT - B00280 (10) LANÇAR 1366,39.pdf",33.453.739/0001-08
INT - B00280 (2).pdf,33.453.739/0001-08
INT - B00280 (3).pdf,56.563.158/0001-24
"INT - B00280 (4) - LANÇAR 1218,66.pdf",33.453.739/0001-08
INT - B00280 (4).pdf,33.453.739/0001-08
INT - B00280 (5).pdf,57.120.362/0001-33
INT - B00280 (6).pdf,60.267.564/0001-17
INT - B00280 (7).pdf,57.120.362/0001-33
INT - B00280 (8).pdf,60.267.564/0001-17
INT - B00280 (9).pdf,56.563.158/0001-24
INT - B00280.pdf,56.563.158/0001-24
IPD - B04490 (2).pdf,"27.192.325/0001-70,39.346.861/0001-61"
IPD - B04490.pdf,"27.192.325/0001-70,39.346.861/0001-61"
IPM - B08350 DESMEMBRAR.pdf,"03.411.193/0001-61,02.248.702/0001-14"
IPM - B08350 ENVIAR FRANQ 3.pdf,02.248.702/0001-14
IPM - B08350 ENVIAR FRANQ.pdf,02.248.702/0001-14
IPM - B08350 FRANQ ALUGUEL.pdf,13.044.030/0001-41
IPU - B08570 FRANQ ALUGUEL.pdf,
IPZ - B08230 FRANCO ALUGUEL.pdf,34.705.227/0001-54
IPZ - B08230 FRANQ ALUGUEL - ELETRONICO.pdf,34.705.227/0001-54
IPZ - B08230 FRANQ PAG V2.pdf,00.063.960/0001-09
ISH - 21.02 (2).pdf,09.151.910/0001-40
ISH -21.02.pdf,"09.151.910/0001-40,29.738.226/0001-76"
ITA - B03360.pdf,03.470.450/0001-36
ITB - B03890 (2).pdf,03.932.417/0001-80
ITB - B03890 - SOMA MAIOR.pdf,09.304.427/0001-58
ITB - B03890.pdf,09.304.427/0001-58
ITD - B02190 FRANQ ALUGUEL.pdf,"24.243.202/0001-22,18.191.228/0001-71"
ITG - B09080 ENVIAR FRANQ.pdf,12.202.724/0001-05
ITG - B09080 FRANQ ALUGUEL.pdf,12.267.919/0001-25
ITS - B50060 BANCO OK.pdf,26.213.899/0001-14
ITS - B50060 DESMEMBRAR.pdf,26.213.899/0001-14
ITS - B50060 FRANQ ALUGUEL.pdf,26.213.899/0001-14
ITS - B50060 FRANQ DESMEMBRAR.pdf,26.213.899/0001-14
ITV - B0140 CONDOMINIO 01.2022 - VENC. 05.02.2022.pdf,20.484.314/0001-14
"JAU - B06040 602 ,00 BANCO OK.pdf",05.063.220/0001-88
JAU - B06040 VERIF ELETRONICO.pdf,59.403.394/0001-71
JCI - B07450 ENVIAR FRANQ.pdf,05.890.618/0001-98
JCI - B07450 FRANQ ALUGUEL - ELETRONICO.pdf,
JFI - B04240 - LANÇAR ESTORNO.pdf,21.181.334/0001-89
JFI - B04240.pdf,21.185.509/0001-26
JGS - 05.02.pdf,09.477.652/0022-10
JGS - B0266 INF BOLETO N ENCONTRADA.pdf,09.477.652/0016-72
JGS - B0266.pdf,09.477.652/0022-10
JGS - B02660  2.pdf,03.434.343/0001-52
JGS - B02660 (2).pdf,09.304.427/0001-58
JGS - B02660 (3).pdf,09.304.427/0001-58
JGS - B02660 L banco ok.pdf,09.304.427/0001-58
JGS - B02660 LANÇAR ALUGUEL - PROGRAMAR ELETRONICO.pdf,00.675.715/0001-44
JGS - B02660.pdf,03.434.343/0001-52
JJN - B04810 (2) SOMA N BATE.pdf,16.881.996/0001-21
JJN - B04810 SOMA N BATE.pdf,16.881.996/0001-21
JJN - B04810.pdf,16.881.996/0001-21
JOC - B91280 - n disp para pagto].pdf,13.955.040/0001-39
JOC - B91280 L.pdf,13.955.040/0001-39
JOC - B91280.pdf,13.955.040/0001-39
JOD - B05360 ENVIAR FRANQ.pdf,83.796.284/0001-00
JOD - B05360 FRANQ ALUGUEL.pdf,"83.796.284/0001-00,42.591 651/0001-43"
JOD - B05360 FRANQ ALUGUEL2.pdf,83.796.284/0001-00
JOS - B09340 - FRANQ ALUGUEL - VERIF ELETRONICO.pdf,12.398.161/0001-64
JOS - B09340 - FRANQ.pdf,12.398.161/0001-64
JOS - B09340 ENVIAR FRANQUEADO (VERIF ELETRONICO).pdf,12.398.161/0001-64
JPM - B05970 3.pdf,"42.591.651/0960-78,04.067.463/0001-21"
JPM - B05970.pdf,"42.591.651/0960-78,07.770.585/0001-78"
JPS - B05510  2.pdf,08.988.065/0001-07
"JPS - B05510 valor banco 67 ,03 - banco ok.pdf",
JPS - B05510.pdf,05.629.163/0001-51
JQD - B5009 PAGAR SOMENTE REF 022022 DESMEMBRAR OS DEMAIS E SEPARAR NAS PASTAS-1.pdf,96.506.555/0001-89
JSM - B40230 (2).pdf,"42.591.651/0960-78,21.205.484/0001-85"
JSM - B40230 2.pdf,"42.591.651/0960-78,13.569.930/0001-02"
JSM - B40230.pdf,"42.591.651/0960-78,21.515.727/0001-81"
"JSO - 022022 - banco ok 21598,02.pdf",73.279.184/0001-44
JSO - B0569 - passando com valor maior.pdf,"79.614.103/0001-00,79 614.103/0001-00"
JSO - B05690 1.pdf,79.614.103/0001-00
JVA - B7460 FRANQ ALUGUEL.pdf,53.773.404/0001-84
JVA - B7460.pdf,53.773.404/0001-84
KNO - B1035.pdf,
KNO - B10350 (2).pdf,06.255.144/0001-75
KNO - B10350.pdf,06.255.144/0001-75
LAA - B02030  2.pdf,67.668.384/0001-96
LAA - B02030 (2)  2.pdf,01.597.336/0001-46
LAA - B02030 (2).pdf,02.465.869/0001-37
LAA - B02030.pdf,02.449.409/0001-15
LAC - 18.02 (2).pdf,
LAC - 18.02.pdf,
LAR - B00950  2 - LANÇAR.pdf,"02.241,307/0001-00"
LAR - B00950 (2).pdf,02.241.307/0001-00
LAR - B00950.pdf,02.211.656/0001-89
LAT - B06020.pdf,21.764.677/0001-76
LDA - B05030 - LANÇAR ESTORNO.pdf,
LDA - B05030 DESMEMBRAR (2).pdf,
LDA - B05030 DESMEMBRAR.pdf,
LDA - B05030 ENVIAR FRANQ.pdf,
"LDA - B05030 FRANQ ALUGUEL (2) - LANÇAR -0,01.pdf",
LDA - B05030 FRANQ ALUGUEL (2).pdf,
LDA - B05030 FRANQ ALUGUEL (4).pdf,
LDA - B05030 FRANQ ALUGUEL.pdf,
LEM - B4098 - PROGRAMAR TOTAL.pdf,"96.506.555/0001-89,18.191.228/0001-71"
LEM - B40980 - VERIF ELETRONICO (2).pdf,"9,6,.,5,0,/,1,-,8,,,2,7"
LET -  VERIFICAR CLASSIFICAÇÃO.pdf,14.800.441/0001-82
LGT - B0113 (2) - BANCO OK.pdf,23.537.156/0001-01
LGT - B0113 - BANCO OK.pdf,23.537.156/0001-01
LGT - B01130.pdf,23.537.156/0001-01
LIM - B00690 -  (1).pdf,
LIM - B00690 -  (2).pdf,45.543.915/0001-81
LIM - B00690 - 2 (1).pdf,45.543.915/0001-81
LIM - B00690 - 2 (2).pdf,45.543.915/0001-81
LIN - B04380 (2).pdf,"47.772.920/0001-20,17.772.920/0001-20"
LIN - B04380.pdf,14.159.728/0001-75
LMA - B08000 VERIFICAR - CONTRATO ESTA COMO ENCERRADO NA PLANILHA (4).pdf,47.508.411/0001-56
LNT - B20270 ENVIAR FRANQ.pdf,15.801.720/0001-23
LNT - B20270 FRANQ ALUGUEL.pdf,15.801.720/0001-23
LNT - B20270.pdf,21.764.677/0001-76
LOB - B01410 - VERIF LANÇAMENTOD.pdf,
LOB - B01410.pdf,
LON - B0538 (2).pdf,76.430.438/0001-71
LON - B0538.pdf,76.430.438/0001-71
LON B0538.pdf,76.430.438/0001-71
MA2 - B08370 FRANQ PAG V2.pdf,
MAD - B0801.pdf,22.787.489/0001-26
MAD - B08010 FRANQ PAG V2.pdf,
MAL - B04230 FRANCO PAG ENCARGOS (3).pdf,
MAL - B04230 FRANCO PAG ENCARGOS.pdf,
MAL - B04230 FRANQ ALUGUEL.pdf,
MAL - B04230 FRANQ PAG V2 - SOMA N BATE.pdf,
MAL - B04230 verif lançamento.pdf,
MAL - B04230.pdf,
MAP - B00840.pdf,01.284.855/0001-54
MAR - B08760 ALUGUEL FRANQ VERIF ELETRONICO.pdf,79.931.937/0001-30
MAR - B08760 ENVIAR FRANQ (2).pdf,
MAR - B08760 ENVIAR FRANQ (3).pdf,73.656.779/0001-71
MAR - B08760 ENVIAR FRANQ.pdf,73.370.991/0001-78
MAV - B9513 - ELETRONICO ALUG .pdf,79.157.889/0001-75
MAV - B9513 ENVIAR FRANQ.pdf,80.896.137/0001-05
MAV - B95130 ENVIAR FRANQUEADO (2).pdf,80.896.137/0001-05
MAV - B95130 ENVIAR FRANQUEADO (3).pdf,80.896.137/0001-05
MAV - B95130 ENVIAR FRANQUEADO.pdf,80.896.137/0001-05
MAV - B95130 FRANQ ALUGUEL (2).pdf,79.157.889/0001-75
MAV - B95130 FRANQ ALUGUEL (3).pdf,79.157.889/0001-75
MAV - B95130 FRANQ ALUGUEL.pdf,79.157.889/0001-75
MAV - B95130 FRANQ DESPESAS.pdf,80.896.137/0001-05
MAV - B95130 FRANQ.pdf,79.157.889/0001-75
MAX - B0335.pdf,"33.130.543/0001-82,18.954.481/0001-30"
MBD - B08380 - PAGAR V2.pdf,15.428.567/0001-30
MBD - B08380 FRANQ PAG V2.pdf,"15.428.567/0001-30,14.058.766/0001-31"
MCD - B0768.pdf,"1,5,.,4,2,8,6,7,/,0,-,3,,"
MCS - B09390 DESMEMBRAR.pdf,
MCS - B09390 ENVIAR FRANQ (2).pdf,
MCS - B09390 ENVIAR FRANQ 2.pdf,
MCS - B09390 ENVIAR FRANQ.pdf,
MCS - B09390 FRANQ ALUGUEL.pdf,
MCS - B09390 FRANQ DESMEMBRAR (2).pdf,
MCS - B09390 FRANQ DESMEMBRAR.pdf,
MCZ - B4048 - BANCO OK.pdf,13.004.510/0001-89
"MCZ - B40480 2 soma n bate, ta dando 36135,97.pdf",09.511.067/0001-65
MCZ - B40480 2.pdf,09.511.067/0001-65
MCZ - B40480.pdf,09.511.067/0001-65
Mc_boletos_04 - AGUARDANDO RETORNO.pdf,06.057.223/0001-71
MDR - B0577.pdf,12.191.631/0001-14
MDR - B05770 Energia.pdf,12.191.631/0001-14
MDR - B05770 VERIF ELETRONICO.pdf,"42,591.651/0001-43,02.302.044/0001-00"
MDR - B05770.pdf,12.191.631/0001-14
MDW - B4006 BANCO OK.pdf,08.713.566/0001-72
"MEQ - B40970 - 4205,23 FRANQ ALUGUEL (VERIF ELETR) (2).pdf",03.470.450/0001-36
MEQ - B40970 ENIVAR FRANQ (VERIF ELETRONICO).pdf,03.470.450/0001-36
MEQ - B40970 ENVIAR FRANQ (VERIF ELETRONICO).pdf,03.470.450/0001-36
"MEQ - B40970 FRANQ ALUGUEL L 4.205,23.pdf",03.470.450/0001-36
MER - B0342.pdf,28.350.338/0001-92
MFL - B06520 ESTÁ COBRANDO JUROS.pdf,33.919.741/0001-20
MFL - B06520.pdf,
MGD - B20210.pdf,02.139.652/0001-37
MI2 - 1017.pdf,10.341.684/0001-49
MI2 - B10170 (2).pdf,"42.591.651/0427-33,10.341.684/0001-49"
MI2 - B10170.pdf,10.341.684/0001-49
MIA - B08920 FRANQ ALUGUEL.pdf,03.491.470/0001-93
MID - B10010.pdf,10.341.684/0001-49
MIG - B05390.pdf,24.312.498/0001-96
MIP - B11480 ENVIAR FRANQ.pdf,
MIR - B00930.pdf,55.527.931/0001-34
MIS - B08060 (2).pdf,65.169.476/0001-04
MIS - B08060 (3).pdf,65.169.476/0001-04
MIS - B08060 (4) - VERIFICAR LANÇAMENTOS.pdf,65.169.476/0001-04
MIS - B08060 (5).pdf,65.169.476/0001-04
MIS - B08060.pdf,65.169.476/0001-04
MMD - B7008.pdf,13.518.926/0001-15
MMD - B70080 FRANQ (2).pdf,09.486.320/0001-78
MMD - B70080 FRANQ BANCO OK.pdf,13.518.926/0001-15
MMS - B06310 (PAGAR V2).pdf,10.575.844/0001-14
MMS - B06310 FRANQ (PAGAMOS V2) (2).pdf,07.286.159/0001-63
MMS - B06310 FRANQ (PAGAR V2).pdf,10.575.844/0001-14
MMS - B06310 FRANQ (PAGAR V2_ (2).pdf,10.575.844/0001-14
MMS - B06310 FRANQ ALUGUEL.pdf,07.286.159/0001-63
MMS - B06310 FRANQ PAG V2.pdf,07.286.159/0001-63
MMS - B06310.pdf,13.621.881/0001-00
MNS - B05950 ENVIAR FRANQ (2).pdf,
MNS - B05950 ENVIAR FRANQ (3).pdf,
MNS - B05950 ENVIAR FRANQ.pdf,
MNS - B05950 ENVIAR FRANQUEADO.pdf,
MNS - B05950 FRANQ ALUGUEL (2).pdf,
MNS - B05950 FRANQ ALUGUEL (3) 2.pdf,
MNS - B05950 FRANQ ALUGUEL (3).pdf,
MNS - B05950 FRANQ ALUGUEL (4) - BANCO OK.pdf,
MNS - B05950 FRANQ ALUGUEL 2 - PAGO 15.02.pdf,
MNS - B05950 FRANQ ALUGUEL 2.pdf,
MNS - B05950 FRANQ ALUGUEL.pdf,
MNS - B05950 FRANQ DESMEMBRAR (2).pdf,
MNS - B05950 FRANQ DESMEMBRAR (3).pdf,
MNS - B05950 FRANQ DESMEMBRAR.pdf,
MOC - B04280 (2).pdf,01.947.481/0001-00
MOC - B04280 - PROGRAMAR ELETRONICO.pdf,06.955.610/0001-25
MOC - B04280.pdf,01.947.481/0001-00
MOG luc 246 MC Donalds vcto 24.02.2022 Aluguel Percentual.pdf,66.652.488/0001-40
MOG luc 246 Mc Donalds vcto 24.02.2022 Aluguel.pdf,66.652.488/0001-40
MOO - B02110 2.pdf,
MOO - B02110.pdf,
MOS - B06450.pdf,05.212.761/0001-20
MOX - B04390 FRANCO (1).pdf,
MOX - B04390 FRANCO (2).pdf,
"MOX - B04390 FRANCO (3) LANÇAR 11631,3.pdf",
MOX - B04390 FRANQ ALUGUEL.pdf,
MPL - B1155.pdf,67.970.954/0001-06
MRB - B03390 (2).pdf,"42,591,651/0001-43,33.939.000/0001-00,42,591.651/0001-43"
MRB - B03390.pdf,"42,591,651/0001-43,33.939.000/0001-00,42,591.651/0001-43"
MRD - B0789.pdf,03.775.253/0001-25
MRD - B07890 - AGUARDANDO RETORNO.pdf,03.775.253/0001-25
MS5 - B05960 - NÃO TEM CONTRATO NO RENT.pdf,76.639.798/0001-88
MSH  - Mc Donald´s   Loja 1Q06H-1.pdf,30.625.443/0001-39
MSH - B0803.pdf,30.625.443/0001-39
MSH - B08030 2 FRANQ ALUGUEL.pdf,30.625.443/0001-39
MSH - B08030 DESMEMBRAR (2).pdf,30.625.443/0001-39
MSH - B08030 DESMEMBRAR 2.pdf,30.625.443/0001-39
MSH - B08030 DESMEMBRAR.pdf,30.625.443/0001-39
MSH - B08030 ENVIAR FRANCO (3).pdf,30.625.443/0001-39
MSH - B08030 ENVIAR FRANCO (4).pdf,30.625.443/0001-39
MSH - B08030 ENVIAR FRANCO (5).pdf,30.625.443/0001-39
MSH - B08030 ENVIAR FRANCO.pdf,30.625.443/0001-39
MSH - B08030 ENVIAR FRANQ (2).pdf,30.625.443/0001-39
MSH - B08030 ENVIAR FRANQ (3).pdf,30.625.443/0001-39
MSH - B08030 ENVIAR FRANQ (4).pdf,30.625.443/0001-39
MSH - B08030 ENVIAR FRANQ.pdf,30.625.443/0001-39
MSH - B08030 FRANCO (2).pdf,30.625.443/0001-39
MSH - B08030 FRANCO ALUGUEL (2).pdf,30.625.443/0001-39
MSH - B08030 FRANCO ALUGUEL (3).pdf,30.625.443/0001-39
MSH - B08030 FRANCO ALUGUEL (4).pdf,30.625.443/0001-39
MSH - B08030 FRANCO ALUGUEL.pdf,30.625.443/0001-39
MSH - B08030 FRANCO.pdf,30.625.443/0001-39
MSH - B08030 FRANQ DESMEMBRAR (2).pdf,17.792.484/0001-51
MSH - B08030 FRANQ DESMEMBRAR (3).pdf,30.625.443/0001-39
MSH - B08030 FRANQ DESMEMBRAR (4).pdf,30.625.443/0001-39
MSH - B08030 FRANQ DESMEMBRAR (5).pdf,30.625.443/0001-39
MSH - B08030 FRANQ DESMEMBRAR.pdf,30.625.443/0001-39
MT2 - B10810.pdf,45.827.425/0001-07
"MTL - B1089 PGTO URGENTE 69.863 ,71 BANCO OK.pdf",
MTP - B0053.pdf,"03.704.351/0001-71,42.591.651/0123-11"
MTP - B00530 (2).pdf,"03.704.351/0001-71,42.591.651/0123-11"
MTP - B00530 2.pdf,71.538.367/0001-01
MTP - B00530.pdf,"03.704.351/0001-71,42.591.651/0123-11"
MTW - B11070 - VERIF.pdf,24.550.145/0001-24
MUT - B01440 -  (1).pdf,45.543.915/0001-81
MUT - B01440 -  (2).pdf,
NA2 - B04370.pdf,00.078.218/0001-69
NAM - B03090  2.pdf,00.078.218/0001-69
NAM - B03090 (2).pdf,00.078.218/0001-69
NAM - B03090 (3).pdf,00.078.218/0001-69
NAS - B05440 - ALUGUEL.pdf,24.825.240/0001-93
NAS - B05440 L.pdf,08.666.476/0001-78
NAS - B05440.pdf,08.666.476/0001-78
NAU - B40570 FRANQ ALUGUEL 2.pdf,26.136.625/0001-79
NFC - B03100  - TIRAR DA SOMA E DESPROGRAMAR.pdf,42.591.651/0069-31
NFC - B03100 (3) - TIRAR DA SOMA E DESPROGRAMAR.pdf,
"NFC - B03100 19915,97 banco ok - dif de R$ 20.pdf",42.591.651/0069-31
NFC - B03100.pdf,
NFR - B03160 (2).pdf,03.169.304/0001-75
NFR - B03160 - TEM 2 BOLETOS!!!!!!!!!!!!!.pdf,00.724.118/0001-62
NIG - B0328.pdf,"33.130.543/0001-82,18.954.481/0001-30"
NIG - B03280.pdf,
NIL - B03660.pdf,02.316.471/0001-39
NIM - B03670 -  (1).pdf,45.543.915/0001-81
NIM - B03670 -  (2).pdf,45.543.915/0001-81
NIM - B03670 -  (3).pdf,45.543.915/0001-81
NIM - B03670 -  (4).pdf,45.543.915/0001-81
NNS - B06220 ELETRONICO (2).pdf,"42:591.651/0001-43,04.151.732/0001-33"
NNS - B06220 ELETRONICO (3).pdf,"04,151.732/0001-33,42:591.651/0001-43,04.151.732/0001-33"
NNS - B06220 ELETRONICO.pdf,04.151.732/0001-33
NNS - B06220.pdf,04.151.732/0001-33
Nova Guia GTV.pdf,
NPN - B40030.pdf,"01.195.156/0001-38,18.191.228/0001-71"
NS2 - B0642 ELETRONICO.pdf,01.316.309/0001-58
NS2 - B06420 (2).pdf,
NS2 - B06420 - VERIF ELE.pdf,03.648.678/0001-73
NS2 - B06420 - VERIF ELETRONICO.pdf,03.648.678/0001-73
NS2 - B06420 VERIF ELETRONICO (2).pdf,03.480.244/0001-07
NS2 - B06420 VERIF ELETRONICO.pdf,03.480.244/0001-07
NS2 - B06420.pdf,03.480.244/0001-07
NSB - B02060 (2).pdf,07.199.672/0001-17
NSB - B02060.pdf,07.199.672/0001-17
NSC - B10910 ENVIAR FRANCO (2).pdf,26.406.107/0001-28
NSC - B10910 ENVIAR FRANCO.pdf,26.406.107/0001-28
NSC - B10910 ENVIAR FRANQ.pdf,26.406.107/0001-28
NSC - B10910 FRANQ ALUGUEL (2).pdf,26.406.107/0001-28
NSC - B10910 FRANQ ALUGUEL.pdf,26.406.107/0001-28
NSH - B02940 (2) ERRO BANCO.pdf,42.591.651/0069-31
NSH - B02940 (2).pdf,42.591.651/0069-31
NSH - B02940 (3) ERRO BANCO.pdf,42.591.651/0069-31
NSH - B02940 (3).pdf,29.738.226/0001-76
NSH - B02940 (4) SOMA N BATE.pdf,
NSH - B02940 (4).pdf,
NSH - B02940 ERRO BANCO.pdf,29.738.226/0001-76
NSH - B02940.pdf,42.591.651/0069-31
NSR - B05730 - ELETRONICO.pdf,01.316.309/0001-58
NSS - B0653 (2).pdf,11.247.725/0001-03
NSS - B0653 (3).pdf,14.391.014/0001-98
NSS - B0653 (4).pdf,14.391.014/0001-98
NSS - B0653.pdf,14.391.014/0001-98
OCA - B03980 (2).pdf,14.750.461/0001-96
OCA - B03980.pdf,14.750.461/0001-96
OPM - B11290 (2).pdf,10.830.864/0001-94
OPM - B11290.pdf,10.830.864/0001-94
OPR - B60030 ENVIAR FRANQ.pdf,17.803.113/0001-28
OPR - B60030 ENVIAR FRANQUEADO.pdf,17.803.113/0001-28
OPR - B60030 FRANQ ALUGUEL.pdf,17.803.113/0001-28
OPS - B40500 (2).pdf,21.486.661/0001-49
OSA - B00520.pdf,00.633.053/0001-40
OSC - 25.02.pdf,59.061.259/0001-95
OSC - B01040.pdf,59.061.259/0001-95
OSS - B01830.pdf,08.174.968/0001-46
OSU - B01910 (2).pdf,13.383.188/0001-46
OSU - B01910 (3).pdf,11.669.376/0001-00
OSU - B01910 (4).pdf,13.383.188/0001-46
OSU - B01910.pdf,11.669.376/0001-00
OUS - 18.02.pdf,33.346.379/0001-45
OUS - B4072.pdf,33.346.379/0001-45
OUS - B40720 L.pdf,33.346.379/0001-45
OUS - B40720.pdf,33.346.379/0001-45
P21 - B06070.pdf,01.366.508/0001-70
PAA - B41340 (2)  2.pdf,27.059.460/0001-41
PAA - B41340 (2).pdf,27.059.460/0001-41
"PAA - B41340 - PAGAR  (1) 13.813 ,75 BANCO OK.pdf",27.059.460/0001-41
"PAA - B41340 - PAGAR  (2) 81.302 ,57 BANCO OK.pdf",27.059.460/0001-41
PAA - B41340.pdf,27.059.460/0001-41
PAC - B1138 1.pdf,07.439.978/0001-01
PAC - B1138 2.pdf,07.439.978/0001-01
PAC - B1138 3.pdf,07.439.978/0001-01
PAC - B1138.pdf,07.439.978/0001-01
PAD - B07860.pdf,09.486.320/0001-78
PAF - B09050 ENVIAR FRANQ  2.pdf,"04.564.926/0001-60,94.564.926/0001-60"
PAF - B09050 ENVIAR FRANQ.pdf,"04.564.926/0001-60,94.564.926/0001-60"
PAF - B09050 FRANQ ALUGUEL VERIF ELETRONICO.pdf,08.707.295/0001-42
PAF - B09050 FRANQ ALUGUEL.pdf,08.707.295/0001-42
PAF - B09050 FRANQ DESPESAS.pdf,"04.564.926/0001-60,94.564.926/0001-60"
PAGTO 0702 ELETRONICO PRIO 1.pdf,
PAK - B06550 (2).pdf,14.551.970/0001-90
PAK - B06550.pdf,14.551.970/0001-90
PAL - B04660 (2).pdf,10.477.737/0001-53
PAL - B04660 ENVIAR FRANQ  2.pdf,10.477.737/0001-53
PAL - B04660 ENVIAR FRANQ.pdf,10.477.737/0001-53
PAL - B04660 FRANQ ALUGUEL (2).pdf,10.477.737/0001-53
PAL - B04660 FRANQ ALUGUEL.pdf,10.477.737/0001-53
PAT - B04330  2.pdf,09.609.867/0001-13
PAT - B04330 (2).pdf,09.480.439/0001-33
PAT - B04330.pdf,09.480.439/0001-33
PAV - B03710.pdf,
"PBA - B09690 - LANÇAR 20882,90 -  BANCO OK.pdf","96.842,000/0001-08,96.842.000/0001-08"
PBA - B09690 - VENCIDO EM 03.02.pdf,96.842.000/0001-08
"PBA - B09690 L - LANÇAR 3.716,93 - BANCO OK.pdf",96.842.000/0001-08
PBT - B20000 FRANQUEADO ALUGUEL.pdf,79.536.553/0001-13
PC7 - B0349 (2).pdf,11.374.715/0001-20
PC7 - B0349.pdf,11.374.715/0001-20
PC7 - B03490 (2).pdf,11.374.715/0001-20
PC7 - B03490.pdf,11.374.715/0001-20
PCC - B04440 BANCO OK.pdf,"07,626,049/0001-01,07.626.049/0001-01"
PCC - B04440.pdf,07.626.049/0001-01
PCD - B06390 ENVIAR FRANQ (2).pdf,36.648.414/0001-79
PCD - B06390 ENVIAR FRANQ.pdf,01.472.302/0001-25
PCD - B06390 FRANQ ALUGUEL (3).pdf,36.648.414/0001-79
PCD - B06390 FRANQ ALUGUEL.pdf,01.472.302/0001-25
PCS - B03910 FRANQ ALUGUEL.pdf,42.153.822/0001-52
PCS - B03910.pdf,05.391.884/0001-76
PDC - 18.02.pdf,21.389.525/0001-30
PDI - B02010.pdf,05.789.313/0001-94
PDM - B03410 - NÃO TEM LINHA PRA LANÇAR.pdf,"02.556.123/0001-39,42.591.651/0522-91"
PDP - B0167 (2).pdf,07.545.705/0006-48
PDP - B0167 (3).pdf,07.545.705/0006-48
PDP - B0167 (4).pdf,07.545.705/0006-48
PDP - B0167 (5).pdf,07.545.705/0006-48
PDP - B0167.pdf,07.545.705/0006-48
PDP - B01670  2.pdf,04.895.134/0001-79
PDP - B01670 (2)2.pdf,04.895.134/0001-79
PDP - B01670 (3) BANCO OK.pdf,04.895.134/0001-79
PDP - B01670 (3).pdf,04.895.134/0001-79
PDP - B01670 (4) BANCO OK.pdf,04.895.134/0001-79
"PDP - B01670 -  54608,01 BANCO OK.pdf",07.545.705/0006-48
PDP - B01670 2.pdf,04.895.134/0001-79
PDP - B01670 BANCO OK.pdf,04.895.134/0001-79
PDP - B01670.pdf,04.895.134/0001-79
PDR - 05.02.2022 (BOLETO SEM DESCRIÇÃO DE PGTO).pdf,
PDR - B0668.pdf,13.004.510/0001-89
PDR - B06680 FRAN ALUGUEL BANCO OK.pdf,13.004.510/0001-89
PDR - B06680 FRANQ DESMEMBRAR (2).pdf,41.090.689/0001-70
PDR - B06680 FRANQ DESMEMBRAR.pdf,"41,090,689/0001-70,41.090.689/0001-70"
PEL - B09040 ENVIAR FRANQ (2).pdf,27.289.483/0001-42
PEL - B09040 ENVIAR FRANQ 1.pdf,27.289.483/0001-42
PEL - B09040 ENVIAR FRANQ.pdf,27.289.483/0001-42
PEL - B09040 FRANQ ALUGUEL.pdf,93.209.765/0001-17
PEL - B09040 FRANQ DESMEMBRAR.pdf,27.289.483/0001-42
PES - B0125 - ELETRONICO.pdf,
PES B0125 - PAGO 07.02.pdf,
PFL - B04030  2.pdf,
PFL - B04030.pdf,
PFS - B95050 ENVIAR FRANQ  2.pdf,31.846.776/0001-50
PFS - B95050 ENVIAR FRANQ (2).pdf,31.846.776/0001-50
PFS - B95050 ENVIAR FRANQ.pdf,31.846.776/0001-50
PFS - B95050 FRANQ ALUGUEL.pdf,31.846.776/0001-50
PGB - B40010 - LANÇAR FP.pdf,18.788.033/0001-03
PGB - B40010 - TIRAR DA SOMA - PROGRAMAR ELETRONICO.pdf,63.560.114/0001-06
PGB - B40010 3.pdf,18.788.033/0001-03
PGB - B40010.pdf,18.788.033/0001-03
PGD - B0090.pdf,47.508.411/0001-56
PGD - B00900 BOLETO SEM DESCRIÇÃO DE PGTO.pdf,54.360.623/0001-02
PGS - B01120 - LANÇAMENTO FEITO A MAIOR.pdf,"53.773.404/0001-84,42.591.651/0943-77"
PGS - B01120.pdf,"42.591.651/0943-77,29.423.721/0001-96"
PH2 - B00830 (2).pdf,67.969.964/0001-13
PH2 - B00830.pdf,67.969.964/0001-13
PHA - B00300 (2).pdf,67.969.964/0001-13
PHA - B00300 (3).pdf,67.969.964/0001-13
PHA - B00300.pdf,67.969.964/0001-13
PHI - B00460 -  (1).pdf,
PHI - B00460 -  (2).pdf,45.543.915/0001-81
PIC - B07260 (2).pdf,22.658.370/0001-53
"PIC - B07260 - LANÇADO 102,58 JUROS 926,96 ENERGIA 18,46 AGUA.pdf","2,.,6,5,8,3,7,0,/,1,-"
PIC - B07260.pdf,22.658.370/0001-53
PIE - B03120 ENVIAR FRANQ (2).pdf,"2,.,6,5,8,3,7,0,/,1,-"
PIE - B03120 ENVIAR FRANQ (3).pdf,"2,,,.,6,5,8,3,7,0,/,1,-"
PIE - B03120 ENVIAR FRANQ (4).pdf,"2,,,.,6,5,8,3,7,0,/,1,-"
PIE - B03120 ENVIAR FRANQ.pdf,"2,,,.,6,5,8,3,7,0,/,1,-"
PIE - B03120 FRANQ ALUGUEL (2) DUPLICIDA.pdf,"08.904.571/0001-62,13.792.742/0001-49"
PIE - B03120 FRANQ ALUGUEL (2) VERIF DUPLICIDADE.pdf,"08.904.571/0001-62,13.792.742/0001-49"
PIE - B03120 FRANQ ALUGUEL (3) DUPLICIDA.pdf,13.792.742/0001-49
PIE - B03120 FRANQ ALUGUEL (3) VERIF DUPLICIDADE.pdf,13.792.742/0001-49
PIE - B03120 FRANQ ALUGUEL DUPLICIDADE.pdf,"13.792.742/0001-49,13,792.742/0001-49"
PIE - B03120 FRANQ ALUGUEL VERIF DUPLICIDADE.pdf,"13.792.742/0001-49,13,792.742/0001-49"
PIL.pdf,"1,3,.,7,9,2,4,/,0,-,,"
PIM - B11790 BANCO OK.pdf,07.443.566/0001-37
PIR - B07150 (2).pdf,
PIR - B07150.pdf,
"PK2 - B0523 - 60.698 ,26 - BANCO OK.pdf",14.551.970/0001-90
"PKS - B0512 - 189.704 ,62 - BANCO OK.pdf",14.551.970/0001-90
PLS - B50110 FRANQ ALUGUEL (3).pdf,12.130.744/0001-00
PLS - B50110 FRANQ ALUGUEL.pdf,12.130.744/0001-00
PLT - B00010 (2).pdf,60.863.032/0001-42
PLT - B00010.pdf,60.863.032/0001-42
PMI - B08190 FRANCO PAG ENCARGOS (5).pdf,"33.130.543/0001-82,18.954.481/0001-30"
PND - B0392.pdf,"04.321.130/0001-87,18.954.481/0001-30"
PNO - B09710.pdf,21.675.002/0001-50
POC - B0586 - Guarda Volumes.pdf,35.989.910/0001-23
POC - B0586 Aluguel 050222 BANCO OK.pdf,35.989.910/0001-23
POC - B0586 Guarda Volumes 050222.pdf,35.989.910/0001-23
POC - B0586 Rateio050222 BANCO OK.pdf,35.989.910/0001-23
POC - B05860.pdf,35.989.910/0001-23
POG - B11540   2.pdf,58.482.803/0001-00
POG - B11540.pdf,58.486.549/0001-18
POG B1154.pdf,24.530.650/0001-07
PPG - B02780.pdf,04.013.911/0001-04
PPG - BANCO OK.pdf,02.879.929/0001-68
PPI - B01280.pdf,22 698.684/0001-80
PRU - B08900 ENVIAR FRANQ (2).pdf,"01.758.016/0001-20,67.662.395/0001-69"
PRU - B08900 ENVIAR FRANQ.pdf,67.662.395/0001-69
PRU - B08900 FRANCO.pdf,24.716.928/0001-35
PRU - B08900 FRANQ ALUGUEL (2).pdf,35.842.724/0001-67
PRU - B08900 FRANQ ALUGUEL (3).pdf,"01.758.016/0001-20,35.842.724/0001-67"
PRU - B08900 FRANQ ALUGUEL.pdf,35.842.724/0001-67
PRV - B03270 (2).pdf,
PRV - B03270.pdf,
PSA - B0669 - 05.02.pdf,11.318.224/0001-62
PSA - B06690 (2).pdf,11.318.224/0001-62
PSA - B06690.pdf,11.318.224/0001-62
"PSB - B06200  130.662 ,21.pdf",14.551.970/0001-90
PSB - B06200 -  (1).pdf,
PSB - B06200 -  (2).pdf,45.543.915/0001-81
PSC - B02090.pdf,14.551.970/0001-90
PSH - B0802 (2) banco ok.pdf,
PSH - B0802 (2).pdf,
PSH - B0802 (3) banco ok.pdf,
PSH - B0802 (3).pdf,
PSH - B0802 (4) banco ok.pdf,
PSH - B0802 (4).pdf,
PSH - B0802 (5) banco ok.pdf,
PSH - B0802 (5).pdf,
PSH - B0802 (6) banco ok.pdf,
PSH - B0802 banco ok.pdf,
PSH - B0802.pdf,
PSH - B08020 ALUGUEL FRANQ.pdf,
PSH - B08020 DESMEMBRAR (2).pdf,
PSH - B08020 DESMEMBRAR (3).pdf,
PSH - B08020 DESMEMBRAR (4).pdf,
PSH - B08020 DESMEMBRAR (5).pdf,
PSH - B08020 DESMEMBRAR (6).pdf,
PSH - B08020 DESMEMBRAR.pdf,
PSH - B08020 ENVIAR FRANQ (2) 2.pdf,
PSH - B08020 ENVIAR FRANQ (4).pdf,
PSH - B08020 ENVIAR FRANQ (5).pdf,
PSH - B08020 ENVIAR FRANQ (6).pdf,
PSH - B08020 ENVIAR FRANQ 2.pdf,
PSH - B08020 ENVIAR FRANQ.pdf,
PSH - B08020 FRAMQ ALUGUEL.pdf,
PSH - B08020 FRANQ ALUGUEL (2).pdf,
PSH - B08020 FRANQ ALUGUEL (3).pdf,
PSH - B08020 FRANQ ALUGUEL (5).pdf,
PSH - B08020 FRANQ ALUGUEL 2.pdf,
PSH - B08020 FRANQ ALUGUEL soma n bate banco ok.pdf,
PSH - B08020 FRANQ ALUGUEL(2).pdf,
PSH - B08020 FRANQ ALUGUEL.pdf,
PSH - B08020 FRANQ DESMEMBRAR.pdf,
PSI - B07850 ENVIAR FRANQ.pdf,17.332.581/0001-61
PSI - B07850 FRANQ ALUGUEL.pdf,17.332.581/0001-61
PSJ - B4105 - 05.02.pdf,14.551.970/0001-90
PSJ - B41050.pdf,14.551.970/0001-90
PSM - B06330 (2).pdf,
PSM - B06330 (3).pdf,
PSM - B06330 (6).pdf,13.004.510/0001-89
PSM - B06330.pdf,
PSM Q-3 - MC DONALDS.pdf,11.862.955/0001-74
PSP - B70390 FRANQ ALUGUEL (2).pdf,11.158.171/0001-60
PSP - B70390 FRANQ ALUGUEL.pdf,11.158.171/0001-60
PSU - B08520 - FRANQ.pdf,12.772.196/0001-11
PTG - 16.02.pdf,79.792.883/0001-70
PTG - B05270.pdf,21.764.677/0001-76
PTG - BANCO OK.pdf,02.879.929/0001-68
PTM - B10240  BANC OK.pdf,13.182.485/0001-23
PTM - B10240 VERIF ELETRONICO (2).pdf,13.182.485/0001-23
PTM - B10240 VERIF ELETRONICO.pdf,13.182.485/0001-23
"PTR - B03370 (2) LANÇAR 99,38.pdf",31.150.147/0001-91
PTR - B03370 (2).pdf,
PTR - B03370 (3).pdf,04.178.017/0001-94
"PTR - B03370 LANÇAR 93,01.pdf",31.150.147/0001-91
PTR - B03370.pdf,04.449.844/0001-75
PTY - B4062 (2).pdf,10.547.742/0001-95
PTY - B4062.pdf,10.547.742/0001-95
PTY - B40620 (11).pdf,10.547.742/0001-95
PTY - B40620 (2) - JA BAIXADO.pdf,10.547.742/0001-95
PTY - B40620 (2).pdf,10.547.742/0001-95
PTY - B40620 (3).pdf,10.547.742/0001-95
PTY - B40620 (4).pdf,10.547.742/0001-95
PTY - B40620 - ERRO BANCO.pdf,10.547.742/0001-95
PTY - B40620 - JA BAIXADO.pdf,10.547.742/0001-95
PTY - B40620.pdf,10.547.742/0001-95
PUR - B0863.pdf,35.737.292/0001-24
PUR - B08630 DESMEMBRAR.pdf,35.737.292/0001-24
PVR - B20370 -  (1).pdf,45.543.915/0001-81
PVR - B20370 -  (2).pdf,45.543.915/0001-81
PWS - B40670 (2) - ELETRONICO.pdf,11.367.914/0001-01
PWS - B40670 (2).pdf,11.367.914/0001-01
PWS - B40670 (3).pdf,22.424.335/0001-70
PWS - B40670 (4).pdf,22.424.335/0001-70
PWS - B40670 (5).pdf,22.424.335/0001-70
PWS - B40670 - ELETRONICO.pdf,11.367.914/0001-01
PWS - B40670 - ENERGIA.pdf,21.774.558/0001-02
PWS - B40670 1.pdf,22.424.335/0001-70
PWS - B40670 BANCO OK.pdf,21.774.558/0001-02
PZS - B00400 (2).pdf,00.787.330/0001-79
PZS - B00400.pdf,00.787.330/0001-79
"RAM - B40350 - 15.02 71.326 ,74 BANCO OK.pdf",24.436.027/0001-90
RAP - B00660.pdf,"01.195.612/0001-40,12.130.744/0001-00"
RAP B0066.pdf,34.309.019/0001-36
RAP Boleto - Mc Donalds - Vcto. 23-02-2022.pdf,"01.195.612/0001-40,12.130.744/0001-00"
RAP- Mccafé - Vcto 18-02-2022.pdf,01.195.612/0001-40
RAS - B20180 FRANQ - ELETRONICO.pdf,72.911.837/0001-01
RB1 - B0284 (2).pdf,09.002.580/0001-20
RB1 - B0284.pdf,14.087.828/0001-33
RB1 - B02840.pdf,14.087.828/0001-33
"RB4 - B02860 (2) 2.101 ,85.pdf","33.429.713/0001-24,42.591.651/0496-65"
"RB4 - B02860 (3) 3.374 ,46.pdf","33.429.713/0001-24,42.591.651/0496-65"
"RB4 - B02860 - LANÇAR -1749,37.pdf",42.507.327/0001-02
"RB4 - B02860 2.101 ,85.pdf","33.429.713/0001-24,42.591.651/0496-65"
RBD - B2084 - ELETRONICO.pdf,14.444.950/0001-10
RBD - B2084.pdf,"14.444.950/0001-10,14.444,950/0001-10"
RBD - B20840 (2).pdf,14.444.950/0001-10
RBD - B20840 ENERGIA FILIAL KM58.pdf,58.699.232/0001-60
RBD - B20840.pdf,"14.444.950/0001-10,14.444,950/0001-10"
RBS - B2016 (3).pdf,58.699.232/0001-60
RCF - B06000 .pdf,13.004.510/0001-89
RCH - B06060 (2).pdf,79.792.883/0001-70
RCH - B06060.pdf,83.646.984/0001-00
"RCL - B0532 - 5062,19.pdf",05.789.313/0001-94
RCL - B05320 BANCO OK.pdf,46.055.141/0001-02
RCL - B05320.pdf,07.889.007/0001-55
RD2 - B08290 FRANQ ALUGUEL.pdf,11.997.274/0001-13
RD2 - B08290.pdf,
RDR - B08810 FRANQ ALUGUEL - ELETRONICO.pdf,05.294.268/0001-05
RDS - B08280 FRANQ ALUG 2 BOLETOS BANCO OK.pdf,35.480.618/0001-80
RDS - B08280 FRANQ ALUGUEL.pdf,35.480.618/0001-80
RDS - B08280 FRANQBOLETOS  ALUGUEL 02 22 ARCOS.pdf,35.480.618/0001-80
RDS - B08280.pdf,
REC - B60050 - FRAN.pdf,00.821.438/0001-30
REC - B60050 - FRANQ.pdf,00.821.438/0001-30
REC - B60050 - FRANQUEADO.pdf,00.821.438/0001-30
REC - B60050.pdf,00.821.438/0001-30
REC - B6005_NDS_202202_parte_087.pdf,00.821.438/0001-30
REEMBOLSO IPTU 2022 - ARK.pdf,
REEMBOLSO IPTU 2022 - CEM.pdf,
REEMBOLSO IPTU 2022 - CWB.pdf,
REEMBOLSO IPTU 2022 - DBI.pdf,
REEMBOLSO IPTU 2022 - DPG.pdf,
REEMBOLSO IPTU 2022 - ENG.pdf,
REEMBOLSO IPTU 2022 - LDR.pdf,
REEMBOLSO IPTU 2022 - LIB.pdf,
REEMBOLSO IPTU 2022 - PEN.pdf,
REEMBOLSO IPTU 2022 - RPD.pdf,
REEMBOLSO IPTU 2022 - SAP.pdf,
RES - B02960 (2).pdf,74.068.623/0001-63
RES - B02960.pdf,"14,068.823/0001-63"
RGC - B0500 (2).pdf,22.761.208/0001-66
RGC - B0500.pdf,22.761.208/0001-66
"RGC - B05000  366,79  903,38  1646,25.pdf","2,.,7,6,1,0,8,/,-"
RIB - B05100 (2).pdf,
RIB - B05100.pdf,
RIN - B20130.pdf,"05.461.877/0001-01,56.024.581/0001-56"
RIO - B05820.pdf,00.961.475/0001-44
RIO MC DONALDS 10.02.pdf,00.961.475/0001-44
RMF - B40180 ENVIAR FRANCO.pdf,"21,399,573/0001-00,21.399.573/0001-00"
RMF - B40180 ENVIAR FRANQ.pdf,"21,399,573/0001-00,21.399.573/0001-00"
RMF - B40180 FRANQ ALUGUEL (2).pdf,21.399.573/0001-00
RMF - B40180 FRANQ ALUGUEL (3).pdf,23.803.719/0001-66
RMF - B40180 FRANQ ALUGUEL (4).pdf,23.803.719/0001-66
RMF - B40180 FRANQ ALUGUEL.pdf,21.399.573/0001-00
RMN - B09620 ENVIAR FRANQ.pdf,"21,399,573/0001-00,21.399.573/0001-00"
RMN - B09620 FRANQ ALUGUEL (2).pdf,23.803.719/0001-66
RMN - B09620 FRANQ ALUGUEL.pdf,23.803.719/0001-66
RMN - B09620 FRANQ IPTU.pdf,23.803.719/0001-66
RMR - B09460 (2).pdf,16.888.022/0001-70
RMR - B09460 ENVIAR FRANCO (2).pdf,16.888.022/0001-70
RMR - B09460 ENVIAR FRANCO (3).pdf,16.888.022/0001-70
RMR - B09460 ENVIAR FRANCO (4).pdf,16.888.022/0001-70
RMR - B09460 ENVIAR FRANCO.pdf,16.888.022/0001-70
RMR - B09460 FRANCO ALUGUEL (2).pdf,16.888.022/0001-70
RMR - B09460 FRANCO ALUGUEL (3).pdf,16.888.022/0001-70
RMR - B09460 FRANCO ALUGUEL (4).pdf,16.888.022/0001-70
RMR - B09460 FRANCO ALUGUEL.pdf,16.888.022/0001-70
RMR - B09460 FRANQ .pdf,16.888.022/0001-70
RMR - B09460 FRANQ ALUGUEL.pdf,16.888.022/0001-70
RMR - B09460.pdf,16.888.022/0001-70
ROD - B0731 (2) - BANCO OK.pdf,33.295.949/0001-15
ROD - B0731 (2).pdf,33.295.949/0001-15
ROD - B0731 - BANCO OK.pdf,18.645.825/0001-29
ROD - B0731.pdf,18.645.825/0001-29
ROD - B07310 ENVIAR FRANQ.pdf,12.916.408/0002-78
ROD - B07310 ENVIAR FRANQUEADO (2).pdf,"12.916.408/0002-78,33.447.690/0001-80"
ROD - B07310 ENVIAR FRANQUEADO.pdf,"12.916.408/0002-78,33.447.690/0001-80"
ROM - B10420.pdf,
ROY - B0584 (2) BANCO OK.pdf,00.908.059/0001-82
ROY - B0584 BANCO OK.pdf,00.908.059/0001-82
ROY - B05840 ENVIAR FRANQ (2).pdf,00.908.059/0001-82
ROY - B05840 ENVIAR FRANQ (2)3.pdf,00.908.059/0001-82
ROY - B05840 ENVIAR FRANQ 3.pdf,"00.908.059/0001-82,00.908.059/0001-62"
ROY - B05840 ENVIAR FRANQ.pdf,00.908.059/0001-82
ROY - B05840 FRANQ.pdf,21.764.677/0001-76
RPD - B02550 -  (1).pdf,45.543.915/0001-81
RPD - B02550 -  (2).pdf,
"RPM - B0270 - LANÇAR 2.800,97.pdf",
RPS - B08800  ENVIAR FRANQ.pdf,61.997.458/0001-51
RPS - B08800 - FRANQ - VERIF ELETRONICO.pdf,"61.997.458/0001-51,53.206.728/0001-30"
RPS - B08800 - FRANQ - VERIF ELETRONICO2.pdf,"61.997.458/0001-51,53.206.728/0001-30"
RPT - B05010 -  (1).pdf,45.543.915/0001-81
RPT - B05010 -  (2).pdf,45.543.915/0001-81
RPT 902229_RBS2026282_06.pdf,14.551.970/0001-90
RS2 - 22.02.pdf,02.679.948/0001-40
RS2 - B40710 - BANCO OK.pdf,02.679.948/0001-40
RS2 - B40710 - VERIF ELETRONICO.pdf,07.166.553/0001-68
RS2 - B40710.pdf,02.679.948/0001-40
RSB - B06090 (2) - BANCO OK.pdf,02.773.542/0001-22
RSB - B06090 (3) - BANCO OK.pdf,02.679.948/0001-40
RSB - B06090 BANCO OK.pdf,02.773.542/0001-22
RSB - B06090.pdf,02.679.948/0001-40
RSB 22.02.pdf,02.679.948/0001-40
RSB B0609 - VERIF CLASSIFICAÇÃO.pdf,71.322.150/0044-08
RSE - B08930 FRANQ ALUGUEL (VERIF ELETRONICO) (2).pdf,05.294.268/0001-05
RSE - B08930 FRANQ ALUGUEL (VERIF ELETRONICO).pdf,05.294.268/0001-05
RSH - B08850 FRANQ ALUGUEL (2) - ELETRONICO.pdf,05.294.268/0001-05
RSH - B08850 FRANQ ALUGUEL (VERIF ELETRONICO).pdf,05.294.268/0001-05
RSH - B08850 FRANQ ALUGUEL - ELETRONICO.pdf,05.294.268/0001-05
RSH - B08850 FRANQ ALUGUEL VERIFICAR ELETRONICO.pdf,05.294.268/0001-05
RSH - B08850 FRANQ ALUGUEL.pdf,05.294.268/0001-05
RSP - B0647 - Alug. Comp. Comp. 01.2022 Venc. 02.2022.pdf,12.196.405/0001-26
RSP - B0647 - FPP Comp. 01.2022 Venc. 02.2022.pdf,01.147.873/0001-94
RSP - B0647. - Cond. Comp. 01.2022 Venc. 02.2022.pdf,00.869.858/0001-97
RSU - B02900 2.pdf,33.010.836/0001-26
RSU - B02900.pdf,33.010.836/0001-26
RVE - B08040.pdf,13.501.226/0001-18
"RXV - B06140 - 154,76 banco ok.pdf",76.659.622/0001-98
RXV - B06140.pdf,78.542.636/0001-52
"S3A - B07710 (2) 666 ,08.pdf",01.278.726/0001-53
S3A - B07710 (2) ERRO BANCO.pdf,13.008.381/0001-05
S3A - B07710 (2).pdf,
S3A - B07710 - ELETRONICO.pdf,"47.054.076/0001-49,07.054.076/0001-49"
"S3A - B07710 2.101 ,28.pdf",01.278.726/0001-53
S3A - B07710.pdf,13.008.381/0002-88
SAM - B0029.pdf,"59.837.641/0001-48,18.191.228/0001-71"
SAM - B00290.pdf,67.831.842/0001-66
SAR - B20530 L.pdf,22.990.102/0001-34
SAR - B20530.pdf,22.990.102/0001-34
"SAS - B0571 PGTO URGENTE 71.284 ,98 BANCO OK.pdf",
SAT - B07240 FRANQ ALUGUEL.pdf,17.793.293/0001-04
SAV - B03030.pdf,00.103.904/0001-42
SBA - B02990 BANCO OK.pdf,97.422.620/0001-50
SBA - B02990.pdf,16.188.955/0001-54
SBB - B09310 DESMEMBRAR.pdf,09.137.429/0001-08
SBB - B09310 ENVIAR FRANQ (2).pdf,09.137.429/0001-08
SBB - B09310 ENVIAR FRANQ (3).pdf,09.137.429/0001-08
SBB - B09310 ENVIAR FRANQ 2.pdf,09.137.429/0001-08
SBB - B09310 ENVIAR FRANQ.pdf,09.137.429/0001-08
SBB - B09310 FRANQ ALUGUEL.pdf,09.137.429/0001-08
SBB - B09310 FRANQ DESMEMBRAR.pdf,09.137.429/0001-08
SBB - B09310 FRANQ.pdf,09.137.429/0001-08
SBB - B09310.pdf,09.137.429/0001-08
SBF - B0921.pdf,08.781.608/0002-93
SBF - B09210 ENVIAR FRANQ.pdf,16.980.480/0001-34
SBF - B09210 FRANQ ALUGUEL.pdf,08.781.608/0002-93
SBF - B0931.pdf,16.980.480/0001-34
SBL - B09550 ENVIAR FRANQ.pdf,15.179.694/0001-43
SBL - B09550 FRANQ ALUGUEL - ELETRONICO.pdf,09.127.346/0001-20
SBM - B1120 1.pdf,31.169.978/0001-05
SBM - B1120.pdf,31.169.978/0001-05
"SBM - B11200 (2) - PROGRAMAR 36.700,76 - 1.430,00.pdf","3,1,.,6,9,7,8,/,0,-,5"
"SBM - B11200 - PROGRAMAR 8.255,54 - -2.476,66.pdf","3,,,1,.,6,9,7,8,/,0,-,5"
SBM - B11200.pdf,38.170.860/0001-46
SBO - B0822.pdf,03.497.430/0001-59
SBO - B08220 ENVIAR FRANQ.pdf,"40.392.904/0001-24,29.738.226/0001-76"
SBO - B08220 FRANQ ALUGUEL.pdf,03.497.430/0001-59
SBP - B10130 (2).pdf,
SBP - B10130 - JÁ TEM BOLETO COM ENCARGOS.pdf,
SBP - B10130 - VERIF LANÇAMENTOS.pdf,
SBP - B10130 -.pdf,
SBP - B10130.pdf,
SBS - B06250 2.pdf,14.551.970/0001-90
SBS - B06250.pdf,"42.591.651/1150-48,14.551.970/0001-90"
SBV - B01840 (3).pdf,09.431.375/0001-80
SBV - B01840.pdf,09.431.375/0001-80
SC3 - B02420 (2).pdf,53.993.077/0001-76
SC3 - B02420 (3).pdf,53.993.077/0001-76
SC3 - B02420.pdf,61.648.655/0001-65
SCA - B02630   2.pdf,08.380.802/0001-86
SCA - B02630 (3).pdf,77.591.402/0001-32
SCA - B02630.pdf,08.380.802/0001-86
SCC - B0920.pdf,09.002.580/0001-20
SCD - B05890 (2).pdf,
SCD - B05890.pdf,
SCF - B06280 (2).pdf,03.841.406/0001-95
SCF - B06280.pdf,03.841.406/0001-95
SCJ - B04050 (2).pdf,"27.192.325/0001-70,39.346.861/0001-61"
SCJ - B04050.pdf,"27.192.325/0001-70,39.346.861/0001-61"
"SCL - B00220 - 31950,54.pdf",01.597.336/0001-46
SCL - B00220 - Duplicidade.pdf,67.668.384/0001-96
SCL - B00220 Fundo Prom.25-02-22.pdf,67.668.384/0001-96
SCL - B00220.pdf,61.464.749/0001-84
SCN - 18.02 (2).pdf,
SCN - 18.02 (3).pdf,
SCN - 18.02.pdf,
SCO - B04650 ENVIAR FRANQ (2).pdf,16.806.294/0001-83
SCO - B04650 ENVIAR FRANQ (3).pdf,16.806.294/0001-83
SCO - B04650 ENVIAR FRANQ.pdf,16.806.294/0001-83
SCO - B04650 FRANQ ALUGUEL (3) L.pdf,16.806.294/0001-83
SCO - B04650 FRANQ ALUGUEL (4) L.pdf,16.806.294/0001-83
SCO - B04650 FRANQ ALUGUEL (6) BOLETO PAGO DIA 15.pdf,16.806.294/0001-83
SCO - B04650 FRANQ ALUGUEL L.pdf,16.806.294/0001-83
SCP - B00250 (2).pdf,30.751.886/0001-76
SCP - B00250 - VERIF LANÇAMENTOS.pdf,30.751.886/0001-76
SCP - B00250 2.pdf,30.751.886/0001-76
SCP - B00250.pdf,30.751.886/0001-76
SCR - B20280.pdf,42:591.651/0001-43
SCS - B00560 -  (1).pdf,45.543.915/0001-81
SCS - B00560 -  (2).pdf,
SCS - B00560 - 2 (1).pdf,45.543.915/0001-81
SCS - B00560 - 2 (2).pdf,
SCT - B0123 (2) - 05.02- SOMA N BATE.pdf,
SCT - B01230 (2).pdf,
SCT - B01230 (3).pdf,
SCT - B01230.pdf,
SCV - B07010 - ENVIAR FRANQ.pdf,45.401.007/0001-53
SCV - B07010 FRANQ ALUGUEL.pdf,45.401.007/0001-53
SCX - B08270  (4) BANCO OK.pdf,32.215.331/0001-35
SCX - B08270  BANCO OK.pdf,32.215.331/0001-35
SCX - B08270 ELETRONICO (2).pdf,32.215.331/0001-35
SCX - B08270 FRANQ ALUGUEL BANCO OK.pdf,32.215.331/0001-35
SCX - B08270 FRANQ ALUGUEL VERIF ELETRONICO.pdf,32.215.331/0001-35
SCX - B08270 FRANQ ALUGUEL.pdf,32.215.331/0001-35
SCZ - 1802.pdf,"33.130.543/0001-82,18.954.481/0001-30"
SDE - B00350.pdf,55.044.341/0001-50
SEC - B07140 - FRANQ ENCARGOS.pdf,08.140.551/0001-62
SEC - B07140 ENVIAR FRANQUEADO (2).pdf,08.140.551/0001-62
SEC - B07140 ENVIAR FRANQUEADO.pdf,08.140.551/0001-62
SEC - B07140 FRANCO ALUGUEL (2).pdf,07.174.799/0001-81
SEC - B07140 FRANCO ALUGUEL.pdf,07.174.799/0001-81
SEC - B07140 FRANQ ALUGUEL.pdf,07.174.799/0001-81
SEC - B07140 FRANQ ENVIAR FRANQ (2).pdf,08.140.551/0001-62
SEC - B07140 FRANQ ENVIAR FRANQ.pdf,07.174.799/0001-81
SEL - B00310.pdf,46.365.524/0001-87
SEN - B11670.pdf,
SEP - B10550.pdf,18.605.172/0001-54
SES - B04530.pdf,23.478.960/0001-67
SFC - B01630 - PROGRAMAR ELETRONICO.pdf,"11.384.227/0001-02,42,591.651/0001-43"
SFL - B0624 (2).pdf,82.956.160/0001-73
SFL - B0624 (3) - JÁ BAIXADO.pdf,82.956.160/0001-73
SFL - B0624 (4).pdf,82.956.160/0001-73
SFL - B0624 (5).pdf,82.956.160/0001-73
SFL - B0624.pdf,82.956.160/0001-73
SFL - B06240 - ELETRONICO.pdf,08.613.321/0001-73
SFL - B06240 - VERIFICAR ELETRONICO.pdf,08.613.321/0001-73
SFL - B06240 -TIRAR DA SOMA - PROGRAMAR ELETRONICO.pdf,08.613.321/0001-73
SFL - B06240 banco ok L.pdf,82.956.160/0001-73
SFR (3)  - BANCO OK IPTU.pdf,
SFR (4)  - BANCO OK IPTU.pdf,
SFR (5)  - BANCO OK IPTU.pdf,
SGA - B20800 - DESMEMBRAR (1).pdf,45.543.915/0001-81
SGA - B20800 - DESMEMBRAR (2).pdf,45.543.915/0001-81
SGP - B91320.pdf,30.712.938/0001-03
SGR - B91000 (2).pdf,07.947.824/0001-12
SGR - B91000 (2)3.pdf,07.947.824/0001-12
SGR - B91000 (3).pdf,07.947.824/0001-12
SGR - B91000.pdf,07.947.824/0001-12
SGR Boletos - MC Café 24.02.pdf,07.947.824/0001-12
SGR Boletos - MC Donald´s - Aluguel.pdf,07.947.824/0001-12
SGS - B03930 (2).pdf,"03.760.207/0001-52,08.769.451/0001-08"
SGS - B03930 L.pdf,06.068.650/0001-55
SGS - B03930.pdf,06.068.650/0001-55
SGS_BOLETO FPP - MC DONALDS 21.02.pdf,06.068.650/0001-55
SGS_BOLETO MC CAFÉ - CONDO E FPP - banco ok.pdf,06.068.650/0001-55
SGS_BOLETO MC DONALD'S - CONDOMÍNIO - banco ok.pdf,06.068.650/0001-55
SGS_BOLETO MC SORVETE - CONDO E FPP - banco ok.pdf,06.068.650/0001-55
SGS_BOLETO MC_QUIOSQUE - CONDOMÍNIO banco ok.pdf,06.068.650/0001-55
SGU - B05180 (2) - BANCO OK.pdf,41.090.689/0001-70
SGU - B05180 (3).pdf,41.090.689/0001-70
SGU - B05180.pdf,41.090.689/0001-70
SGV - B02040  1.pdf,12.411.105/0001-12
SGV - B02040 2.pdf,
SHB - B06190 (2).pdf,"42.591.651/0925-95,05.047.690/0001-58"
SHB - B06190 (3).pdf,05.047.690/0001-58
SHB - B06190 (4).pdf,05.047.690/0001-58
SHB - B06190 - PAGAR - N DISP PARA PAGTO.pdf,05.047.690/0001-58
SHB - B06190.pdf,05.047.690/0001-58
SHJ - B03960.pdf,04.299.191/0001-95
SHO - B00880 ENVIAR FRANQ.pdf,"44.023.323/0001-76,59.789.370/0001-00,01.962.421/0001-66"
SHP - B09220.pdf,07.026.097/0001-50
SHS - B70180 ENVIAR FRANQ.pdf,"0,7,.,2,6,9,/,1,-,5"
SHS - B70180 FRANQ ALUGUEL.pdf,35.444.739/0001-77
SHT - B20080 FRANQ ALUGUEL (2).pdf,27.188.442/0001-60
SHT - B20080 FRANQ ALUGUEL ELETRONICO.pdf,27.188.442/0001-60
SHT - B20080 FRANQ ALUGUEL.pdf,27.188.442/0001-60
SHT - B20080-1.pdf,27.188.442/0001-60
SHT - B20080-2 - ELETRONICO.pdf,27.188.442/0001-60
"SIB - B00190 - boleto 1 jA BAIXADO, os outros foram normal.pdf",58.579.467/0001-18
SIB - B00190 - boleto 2.pdf,"42.591,651/0001-43"
SIB - B00190 - boleto 3.pdf,"42,591.651/0001-43,40.111.553/0001-48"
SIB - B00190 - boleto 4.pdf,"53.985.982/0001-84,42.591,651/0001-43"
"SIB - B00190 -3 boletos - 17256,16.pdf","42.591,651/0001-43,48.111.553/0001-48,42,591.651/0001-43"
"SIB - B00190 -3 boletos - 36078,72.pdf","42.591.851/0001-43,53.985.982/0001-84"
SIB - B00190 -3 boletos - Vencimento 20.02.pdf,"42.551.651/0004-43,53,985.982/0001-84,42.594,651/0001-43"
SIB - B00190 1.pdf,
SIF - B09180 - FRANQ (PAGAMOS DESPESAS) (2).pdf,08.507.747/0001-42
SIF - B09180 - FRANQ - NÃO TEM LINHA.pdf,08.507.747/0001-42
SIF - B09180 FRANQ PAG V2.pdf,08.507.747/0001-42
"SIF - B09180 FRANQ PAGAR V2 (CONFERIR VERIFICAR CLASSIFICAÇÃO, FIQUEI NA DUV.pdf",08.507.747/0001-42
SIF - B09180 FRANQ PAGAR V2 - DEMEMBRAR.pdf,08.507.747/0001-42
SIF - B09180.pdf,08.507.747/0001-42
SIH - B06490 (2).pdf,17.975.106/0001-03
SIH - B06490 (3).pdf,16.739.911/0001-75
SIH - B06490.pdf,09.653.566/0001-97
SIT - B04670 .pdf,16.758.102/0001-00
SIT - B04670 ENVIAR FRANCO (3).pdf,16.758.102/0001-00
SIT - B04670 ENVIAR FRANCO (5).pdf,16.758.102/0001-00
SIT - B04670 ENVIAR FRANQ.pdf,16.758.102/0001-00
SIT - B04670 FRANQ ALUGUEL.pdf,16.758.102/0001-00
SJD - B0738 FRANQ.pdf,13.534.698/0118-88
SJD - B07380 FRANQ DESMEMBRAR.pdf,12.756.168/0001-00
SJD - B07380 FRANQ LOCAÇÃO QUIOSQUE FEVEREIRO.2022.pdf,13.534.698/0118-88
SJM - B08560 DESMEMBRAR.pdf,"33.130.543/0001-82,18.954.481/0001-30"
SJN 24.02 (2) banco ok.pdf,03.575.205/0001-93
SJN 24.02 banco ok.pdf,03.575.205/0001-93
SJO - B0282 (2) banco ok.pdf,10.324.624/0001-18
SJO - B0282 - banco ok.pdf,10.324.624/0001-18
SJO - B02820.pdf,"40.392.904/0001-24,29.738.226/0001-76"
SJP - B05580 (2).pdf,21.764.677/0001-76
SJP - B05580 (3).pdf,21.764.677/0001-76
SJP - B05580.pdf,32.829.299/0001-88
SJP - B06260 (2).pdf,79.792.883/0001-70
SJU - 18.02.pdf,14.551.970/0001-90
SJU - B0784 FRANQ (2) (PAGAMOS DESPESAS).pdf,14.551.970/0001-90
SJU - B0784 FRANQ (N ENTENDI.pdf,14.551.970/0001-90
SJU - B0784 FRANQ PAG V2 (2).pdf,14.551.970/0001-90
SJU - B0784 FRANQ PAG V2.pdf,14.551.970/0001-90
SLD - B05630.pdf,
SLM - B70100 ENVIAR FRANQ 2.pdf,04.981.663/0001-95
SLM - B70100 ENVIAR FRANQ.pdf,04.981.663/0001-95
SLM - B70100 L.pdf,04.981.663/0001-95
SLP - B01090 - PAGO 05.02.pdf,42.591.651/0938-00
SLP - B01090.pdf,53.817.748/0001-48
SLT - B0761 (2) BANCO OK.pdf,11.927.223/0001-15
SLT - B0761 BANCO OK.pdf,11.927.223/0001-15
SLU - B0581 - ELETRONICO.pdf,28.431.939/0001-20
SLU - B05810  2.pdf,01.637.668/0001-07
SLU - B05810.pdf,01.637.668/0001-07
SLU B0581 (2) - ELETRONICO.pdf,15.731.641/0001-93
SLU.pdf,28.431.939/0001-20
SM2 - B01170.pdf,02.248.827/0001-44
SMA - B05350 (2).pdf,"94.442.431/0001-51,19.468.242/0001-32"
SMA - B05350 2.pdf,"02.461.623/0001-97,92.213.552/0001-04"
SMA - B05350.pdf,29.014.281/0001-13
SMC - B04060 L.pdf,"23.561.833/0001-27,42,591.651/1164-43,42.591.651/1164-43"
SME - B01850.pdf,10.254.617/0001-97
SMG - 13.02 VERIFICAR LANÇAMENTO (NÃO ENTENDI O VALOR).pdf,21.153.060/0001-14
SMG - B7011 ENVAR FRANQ.pdf,21.153.060/0001-14
SMG - B7011 ENVIAR FRANQ 2.1.pdf,21.153.060/0001-14
SMG - B7011 ENVIAR FRANQ 2.pdf,21.153.060/0001-14
SMG - B7011 ENVIAR FRANQ.pdf,21.153.060/0001-14
SMG.pdf,21.153.060/0001-14
SMI - 18.02.pdf,10.341.684/0001-49
SMI - B01870 (2).pdf,10.341.684/0001-49
SMI - B01870 (3).pdf,10.341.684/0001-49
SMI - B01870 (4).pdf,"42.591.651/0427-33,10.341.684/0001-49"
SMI - B01870 (5).pdf,10.341.684/0001-49
SMI - B01870 (6).pdf,10.341.684/0001-49
SMI - B01870 (7).pdf,10.341.684/0001-49
"SMI - B01870 - PAGAR 42.490 ,05.pdf",10.341.684/0001-49
SMI - B01870 1.pdf,10.341.684/0001-49
SMI - B01870.pdf,10.341.684/0001-49
SMO - 18.02.pdf,14.551.970/0001-90
SMO - B01340.pdf,14.551.970/0001-90
SMS - B91170.pdf,29.014.281/0001-13
SMT - B00850 (2).pdf,02.248.827/0001-44
SMT - B00850.pdf,02.248.827/0001-44
SMU- B01780.pdf,02.884.951/0002-87
SMUSHM - B01780 (2).pdf,02.884.951/0002-87
SMUSHM - B01780 (3).pdf,07.195.708/0001-94
SMUSHM - B01780.pdf,53.773.404/0001-84
SNC - B09440 ENVIAR FRANCO.pdf,"04.364.111/0002-19,24.631.801/0001-13"
SNC - B09440 ENVIAR FRANQ.pdf,"04.364.111/0002-19,24.631.801/0001-13"
SNC - B09440 FRANQ ALUGUEL (2).pdf,04.364.111/0002-19
SNC - B09440 FRANQ ALUGUEL.pdf,04.364.111/0002-19
SNC - B09440 FRANQ DESMEMBRAR.pdf,"04.364.111/0002-19,24.631.801/0001-13,24,631.801/0001-13"
SNC - B09440.pdf,04.364.111/0002-19
SNI - B0477.pdf,23.494.781/0001-13
SNI - B04770.pdf,23.494.781/0001-13
SNO - B0834.pdf,13.039.848/0001-76
SNO - B08340 ENVIAR FRANQ (2).pdf,13.039.848/0001-76
SNO - B08340 ENVIAR FRANQ.pdf,13.039.848/0001-76
SNO - B08340 FRANQ ALUGUEL (2) BANCO OK.pdf,13.039.848/0001-76
SNO - B08340 FRANQ ALUGUEL BANCO OK.pdf,13.039.848/0001-76
SNO - B08340 FRANQ ALUGUEL.pdf,97.422.620/0001-50
SNO - B0834loja 15.02.21.pdf,13.039.848/0001-76
SNS - B06430 (2).pdf,11.989.741/0001-63
"SNS - B06430 - LANÇAR 1279,85.pdf",11.989.741/0001-63
SOC - B07050 -  (1).pdf,
SOC - B07050 -  (2).pdf,
SOM - 16.02 (2).pdf,79.792.883/0001-70
SOM - 16.02.pdf,79.792.883/0001-70
SOM - B08700 FRANCO ALUGUEL.pdf,76.694.983/0001-75
SON - B70040 - Q103 - BANCO OK L.pdf,13.655.148/0001-06
SON - B70040 FRANCO ALUGUEL.pdf,13.655.148/0001-06
SON - B70040 Q403 BANCO OK L.pdf,13.655.148/0001-06
SPA - B06230 (2).pdf,29.460.743/0001-26
SPA - B06230.pdf,29.460.743/0001-26
SPC - B07570 ENVIAR FRANQ.pdf,07.376.573/0001-63
SPC - B07570 FRANQ ALUGUEL.pdf,15.447.108/0001-02
SPC - B07570.pdf,15.447.108/0001-02
SPE - B70370 FRANQ ALUGUEL (2).pdf,
SPE - B70370 FRANQ ALUGUEL.pdf,
SPE MC Donald's 25.02.2022 Comp 01.2022 (ALUGUEL COMPLEMENTAR).pdf,
SPE MC Donald's 25.02.2022 Comp 01.2022 (ALUGUEL).pdf,
SPL - B04540 (2).pdf,11.323.246/0001-10
SPL - B04540.pdf,11.323.246/0001-10
SPN - B06660 - PAGO EM 07.02.pdf,18.459.757/0001-03
SPR - B04090 (2).pdf,"14.702.305/0001-50,02.105.040/0001-23"
SPR - B04090 (3).pdf,"14.702.305/0001-50,02.105.040/0001-23"
"SPR - B04090 - BANCO OK 50,00.pdf",14.015.116/0001-09
SPR - B04090.pdf,"14.702.305/0001-50,02.105.040/0001-23"
SPV - B06270.pdf,22.743.376/0001-29
SRM - B04070 (2).pdf,32.752.602/0001-91
SRM - B04070 (3).pdf,32.752.602/0001-91
SRM - B04070 2.pdf,32.805.087/0001-60
SRM - B04070.pdf,32.752.602/0001-91
SSA - B0094 - ELETRONICO 1.pdf,
SSA - B0094 - ELETRONICO.pdf,
SSC - B0089 COND LJS 058 059 - BANCO OK.pdf,"59.978.726/0001-46,44.192.474/0001-58"
SSG - B04150 (2).pdf,13.783.299/0001-40
SSG - B04150 (3).pdf,13.783.299/0001-40
SSG - B04150.pdf,13.783.299/0001-40
SSH - B08240 ENVIAR FRANQ.pdf,08.867.234/0001-42
SSH - B08240 FRANCO ALUGUEL (2).pdf,08.867.234/0001-42
SSH - B08240 FRANCO ALUGUEL (3).pdf,08.867.234/0001-42
SSH - B08240 FRANCO ALUGUEL (4).pdf,08.867.234/0001-42
SSH - B08240 FRANCO ALUGUEL.pdf,08.867.234/0001-42
SSH - B08240 FRANGO ALUGUEL.pdf,08.867.234/0001-42
SSH - B08240.pdf,08.867.234/0001-42
SSJ - B06260 (2).pdf,32.829.299/0001-88
SSJ - B06260 - .pdf,76.639.798/0001-88
SSJ - B06260.pdf,76.639.798/0001-88
SSL - B0410 (2).pdf,13.432.170/0001-97
SSL - B0410 (3).pdf,13.432.170/0001-97
SSL - B0410 (4).pdf,13.432.170/0001-97
SSL - B0410 (5).pdf,13.432.170/0001-97
SSL - B0410 (6).pdf,13.432.170/0001-97
SSL - B0410.pdf,13.432.170/0001-97
SSL - B04100 ENVIAR FRANQ.pdf,13.432.170/0001-97
SSL - B04100 FRANQ ALUGUEL.pdf,13.432.170/0001-97
SSN - B01860 - BANCO OK.pdf,34.050.040/0001-60
SSN - B01860.pdf,34.050.040/0001-60
SST - B0159.pdf,
SST - B01590.pdf,
SSU - B05660.pdf,14.551.970/0001-90
SSV - 24.04.pdf,07.587.384/0001-30
SSV - B09530 DESMEMBRAR.pdf,"0,7,.,5,8,3,4,/,1,-"
SSV - B09530 ENVIAR FRANQ.pdf,07.587.384/0001-30
SSV - B09530 FRANQ ALUGUEL.pdf,07.587.384/0001-30
STB - B01700  2.pdf,37.800.945/0001-06
STB - B01700 - VERIF LANÇAMENTOS.pdf,37.800.945/0001-06
STB - B01700.pdf,37.800.945/0001-06
STD - B70800 ENVIAR FRANQ.pdf,"3,7,.,8,0,9,4,5,/,1,-,6"
STD - B70800 FRANQ ALUGUEL.pdf,22.658.370/0001-53
STJ - B03210  2.pdf,
STJ - B03210.pdf,
"STS - B00200 (2) - 4.685,23 BANCO OK - FALTA 2,00.pdf",52.252.798/0001-62
STS - B00200 - ELETRONICO.pdf,56.096.910/0001-74
"STS - B00200 - VALOR BANCO 4.700 ,01 - BANCO OK.pdf",52.252.798/0001-62
STS - B00200 2.pdf,56.096.910/0001-74
STS - B00200.pdf,56.096.910/0001-74
STV - B70090 FRANQ ALUGUEL.pdf,05.406.644/0001-06
SU2 - B2009 - VERIFICAR QUAL A DESPESA BANCO OK.pdf,05.789.313/0001-94
SU2 - B20090 FRANQ PAG V2.pdf,14.592.173/0001-50
SUL - B00430 (2) soma n bate.pdf,
SUL - B00430 JÁ TEM BOLETO (1).pdf,
SUL - B00430 JÁ TEM BOLETO (2).pdf,
SUL - B00430.pdf,
SUS - B07410 ENVIAR FRANQ (2).pdf,35.121.223/0001-91
SUS - B07410 ENVIAR FRANQ.pdf,35.121.223/0001-91
SUS - B07410 FRANQ ALUGUEL.pdf,35.121.223/0001-91
SVA - B20240 - FRAN4.pdf,00.995.983/0001-43
SVA - B20240 - FRANQ3.pdf,00.995.983/0001-43
SVA - B20240 FRANQ DESMEMBRAR (2).pdf,00.995.983/0001-43
SVA - B20240 FRANQ DESMEMBRAR.pdf,00.995.983/0001-43
SVI - B03170  2.pdf,02.632.185/0001-82
SVI - B03170 (2)  2.pdf,02.632.185/0001-82
SVI - B03170 1.pdf,
SVI - B03170 2.pdf,
SVI - B03170.pdf,02.632.185/0001-82
SVL - B01930.pdf,09.213.967/0001-26
SVO - B01920 - BAIXADO.pdf,14.551.970/0001-90
SVO - E-MAIL.pdf,
SVO 2502.pdf,14.551.970/0001-90
SVR - B08450 ENVIAR FRANQ.pdf,14.148.519/0001-26
SVR - B08450 FRANQ ALUGUEL.pdf,14.148.519/0001-26
SVV - B04680 DESMEMBRAR (2).pdf,
SVV - B04680 DESMEMBRAR (3).pdf,
SVV - B04680 DESMEMBRAR (4).pdf,
SVV - B04680 DESMEMBRAR.pdf,
SVV - B04680 ENVIAR FRANQ (2).pdf,
SVV - B04680 ENVIAR FRANQ (3).pdf,
SVV - B04680 ENVIAR FRANQ (4).pdf,
SVV - B04680 ENVIAR FRANQ.pdf,
SVV - B04680 FRANQ ALUGUEL (2).pdf,
SVV - B04680 FRANQ ALUGUEL (3).pdf,
SVV - B04680 FRANQ ALUGUEL (4).pdf,
SVV - B04680 FRANQ ALUGUEL BANCO OK.pdf,
SVV - B04680 FRANQ ALUGUEL.pdf,
SVV - B04680 FRANQ DESMEMBRAR.pdf,
TAC - B05410  2.pdf,01.813.581/0001-43
TAC - B05410 (2)  2.pdf,01.813.581/0001-43
TAC - B05410 (3).pdf,01.813.581/0001-43
"TAC - B05410 69,91.pdf","01.813.587/0001-10,42.591.651/1319-14"
TAC - B05410.pdf,01.813.581/0001-43
TAM - B0062 (2) - 05.02.pdf,44.192.474/0001-58
TAM - B0062 - 05.02.pdf,44.192.474/0001-58
TAM - B00620 - BANCO OK.pdf,00.063.960/0001-09
TAM - B00620.pdf,44.192.474/0001-58
TAN - B04520 (2).pdf,12.259.957/0001-36
TAN - B04520 (3).pdf,12.259.957/0001-36
TAN - B04520 (4).pdf,12.259.957/0001-36
TAN - B04520 (5) boleto com senha.pdf,"1,2,.,5,9,7,/,0,-,3,6"
"TAN - B04520 12.443 ,09 BANCO OK.pdf",12.259.957/0001-36
TAN - B04520.pdf,12.259.957/0001-36
TAP 3001A - Mc Donalds 18.02.pdf,22.851.910/0001-10
TAS - B0914.pdf,17.312.925/0001-70
TAS - B09140 (2).pdf,17.312.925/0001-70
TAS - B09140 - DESMEMBRAR (1).pdf,
TAS - B09140 - DESMEMBRAR (2).pdf,
TAS - B09140.pdf,07.180.842/0001-11
TBT - B07200 ENVIAR FRANQ.pdf,57.532.665/0001-63
TBT - B07200 FRANQ ALUGUEL - ELETRONICO.pdf,57.532.665/0001-63
TC2 - B0629.pdf,01.813.581/0001-43
TC2 - B06290 .pdf,01.813.581/0001-43
TC2 - B06290 1.pdf,01.813.581/0001-43
TC2 - B06290.pdf,01.813.581/0001-43
TD2 - B06590.pdf,13.004.510/0001-89
TER - B09110 FRANQ ELETRONICO.pdf,03.543.443/0001-17
TIA - B10620 - ELETRONICO.pdf,
TIE - B11320 (2).pdf,
TIE - B11320 (3).pdf,
"TIE - B11320 (4) - LANÇAR 549,36.pdf",
TIE - B11320 - DUPLICIDADE.pdf,26.186.587/0001-69
TIT - B00470 -  (1).pdf,
TIT - B00470 -  (2).pdf,
TIT - B00470 -  (3).pdf,45.543.915/0001-81
TIT - B00470 -  (4).pdf,
TIV - B08890 ENVIAR FRANCO (2).pdf,02.583.678/0001-70
TIV - B08890 ENVIAR FRANCO (3).pdf,02.583.678/0001-70
TIV - B08890 ENVIAR FRANCO (4).pdf,02.583.678/0001-70
TIV - B08890 ENVIAR FRANCO.pdf,02.583.678/0001-70
TIV - B08890 FRANCO ALUGUEL (2).pdf,02.583.678/0001-70
TIV - B08890 FRANCO ALUGUEL.pdf,02.583.678/0001-70
TOP - B0325 - 05.02.pdf,01.422.848/0001-71
"TOP - B03250 - 3.876 ,84.pdf","10.744.882/0001-53,18.954.481/0001-30"
TOP - B03250.pdf,01.422.848/0001-71
TOR - B02590   2.pdf,11.948.736/0001-02
"TOR - B02590 5018,08.pdf",32.829.299/0001-88
TPC - B1026.pdf,08.110.072/0001-01
TPS - B5002 - ELETRONICO.pdf,
TRS - B05570 (2).pdf,05.635.656/0001-02
TRS - B05570 (3).pdf,06.862.627/0001-38
TRS - B05570 1.pdf,05.635.656/0001-02
TRS - B05570.pdf,"42.591.651/1372-89,01.736.646/0001-02"
TSO - B03940 (2) BANCO OK.pdf,34.274.233/0001-02
TTE - B4045 - UM CENTAVO A MAIS.pdf,13.004.510/0001-89
TTE - B4045 2.pdf,29.843.150/0001-49
TTE - B4045.pdf,29.843.150/0001-49
TUB - B09370 ENVIAR FRANQ.pdf,05.967.580/0001-04
TUB - Mc Donald's 23.02.2022 (2).pdf,05.967.580/0001-04
TUB - Mc Donald's 23.02.2022.pdf,05.967.580/0001-04
TUC - B0210.pdf,16.740.380/0001-30
TUC - B02100 (2).pdf,16.740.380/0001-30
TUC - B02100 (3).pdf,
TUC - B02100.pdf,16.740.380/0001-30
TUU - B50180.pdf,50.939.438/0001-08
UB2 - 21.02.pdf,
UB2 - B03900 DESMEMBRAR 1.pdf,
UB2 - B03900 DESMEMBRAR.pdf,
UB2 - B03900 ENVIAR FRANQ (2).pdf,
UB2 - B03900 ENVIAR FRANQ 2.pdf,
UB2 - B03900 ENVIAR FRANQ.pdf,
UB2 - B03900 FRANQ DESMEMBRAR.pdf,
UB2 - Ñ PAGAR FOI SOLIC UM BOLETO DESMEMBRADO - VERFICAR EMAIL .pdf,
UB3 - B04560 - .pdf,
UB3 - B04560 ENVIAR FRANQ.pdf,
UB3 - B04560 FRANQ ALUGUEL.pdf,
UB3 - B04560 FRANQ DESMEMBRAR (2).pdf,
UB3 - B04560 FRANQ DESMEMBRAR.pdf,
UB3 - B04560.pdf,
UBA - B0747.pdf,"04.296.312/0001-45,66.768.995/0007-39"
UBA - B07470 ENVIAR FRANQ.pdf,"04.296.312/0001-45,66.768.995/0007-39"
UBR - B02800 DESMEMBRAR 1.pdf,
UBR - B02800 DESMEMBRAR.pdf,
UBR - B02800 ENVIAR FRANQ (2).pdf,42.591.651/0954-20
UBR - B02800 ENVIAR FRANQ (3).pdf,42.591.651/0954-20
UBR - B02800 ENVIAR FRANQ 3.pdf,42.591.651/0954-20
UBR - B02800 ENVIAR FRANQ.pdf,42.591.651/0954-20
UBR - B02800 FRANQ ALUGUEL.pdf,42.591.651/0954-20
UBS - B04220  2.pdf,08.430.570/0001-23
UBS - B04220 (2)  2.pdf,18.614.523/0001-93
UBS - B04220 (2).pdf,18.614.523/0001-93
UBS - B04220 (3).pdf,18.614.523/0001-93
UBS - B04220 (4).pdf,08.430.570/0001-23
UBS - B04220.pdf,18.614.523/0001-93
VAD - B70310 ENVIA FRANQ.pdf,29.877.151/0001-04
VAD - B70310 ENVIAR FRANQ.pdf,29.877.151/0001-04
VAD - B70310 FRANQ ALUGUEL.pdf,29.877.151/0001-04
VAD - B70310 FRANQ DESMEMBRAR.pdf,29.877.151/0001-04
"VAD - B70310,.pdf",29.877.151/0001-04
VAR - B04430 (2) - FALTA VALOR.pdf,23.066.373/0001-60
VAR - B04430.pdf,23.066.373/0001-60
VAU - B11310 (2).pdf,26.186.587/0001-69
VAU - B11310 (3).pdf,26.186.587/0001-69
VAU - B11310 (4).pdf,
VAU - B11310 (5) - DUPLICIDADE.pdf,26.186.587/0001-69
VAU - B11310.pdf,26.186.587/0001-69
VBR - B01750.pdf,24.901.418/0001-38
VCP - 18.02.pdf,14.522.178/0001-07
VCP - B20490  2.pdf,14.522.178/0001-07
VCP - B20490 (2).pdf,14.522.178/0001-07
VCP - B20490 (3).pdf,
VCP - B20490 (4).pdf,14.522.178/0001-07
VCP - B20490 LANÇAR.pdf,14.522.178/0001-07
VCP - B20490.pdf,14.522.178/0001-07
"VDC - 17.02 (2) 16.093 ,17.pdf",98)442.610/0001-61
VDC - 17.02 (3).pdf,08.086.149/0001-47
VDC - 17.02 (4).pdf,08.086.149/0001-47
"VDC - 17.02 6174,89.pdf",98)442.610/0001-61
VEL B03640 FRANQ.pdf,17.200.684/0001-78
VID - B01740 -  (1).pdf,
VID - B01740 -  (2).pdf,45.543.915/0001-81
VID - B01740 - 1 (1).pdf,45.543.915/0001-81
VID - B01740 - 1 (2).pdf,
VIG - B01210 (2).pdf,53.759.197/0001-03
VIG - B01210.pdf,53.759.197/0001-03
VLT - B11280 -  (1).pdf,45.543.915/0001-81
VLT - B11280 -  (2).pdf,45.543.915/0001-81
VOT - B7085.pdf,"4,5,.,3,9,1,/,0,-,8"
VPD - B7085 - ENERGIA.pdf,50.948.371/0009-25
VPK  082021.pdf,61.604.112/0001-46
"VPK - B0815 PGTO URGENTE 8.376 ,79 BANCO OK.pdf",
VPK - B08150 ENVIAR FRANCO.pdf,02.284.436/0001-85
VPK - B08150 ENVIAR FRANQ (4).pdf,02.284.436/0001-85
VPK - B08150 ENVIAR FRANQ.pdf,02.284.436/0001-85
VPK - B08150 ENVIAR FRANQUEADO.pdf,"02.284.436/0001-85,02.264.436/0001-85"
VPK - B08150 FRANQ ALUGUEL.pdf,00.332.266/0001-31
VPK - B08150.pdf,02.284.436/0001-85
VSB - B08330 - FRANQ.pdf,13.726.639/0001-09
VSB - B08330 - FRANQUEADO.pdf,"13.255.380/0001-57,13.726.639/0001-09"
VSB - B08330 ENVIAR FRANQ.pdf,13.726.639/0001-09
VSB - B08330 FRANQ ALUGUEL (2).pdf,13.726.639/0001-09
VSB - B08330 FRANQ ALUGUEL.pdf,13.726.639/0001-09
VSB - B08330.pdf,13.726.639/0001-09
VSB Mc Donald's - Mundial Irajá.pdf,"33.304.981/0001-10,18.954.481/0001-30"
VVT - B2004 (2).pdf,16.830.406/0001-31
VVT - B2004 - 05.02.pdf,16.830.406/0001-31
VVT - B20040 ENVIAR FRANQ.pdf,16.830.406/0001-31
VVT - B20040 FRANQ ALUGUEL.pdf,16.830.406/0001-31
VVT - B20040.pdf,16.830.406/0001-31
WLA - B03970 - banco ok.pdf,
"WLA - B03970 - LANÇAR 7846,48.pdf",00.063.960/0001-09
WLA - B03970.pdf,00.063.960/0001-09
WLZ - B00110.pdf,34.309.019/0001-36
WOS - B0136 - BANCO OK.pdf,
WOS - B01360 (3) SOMA N BATE.pdf,00.063.960/0001-09
WOS - B01360 - BANCO OK.pdf,00.063.960/0001-09
WOS - B01360.pdf,00.063.960/0001-09
WPA - B01330 - BANCO OK.pdf,
WPA - B01330.pdf,00.063.960/0001-09
WPL - B0027 1 CENTAVO A MAIS.pdf,09.043.953/0001-01
WPL - B00270.pdf,09.043.953/0001-01
WSB - B01380 (2).pdf,00.063.960/0001-09
WSB - B01380.pdf,
WSR - B03300 (2).pdf,"29.738.226/0001-76,01.946.522/0001-43"
WSR - B03300 2.pdf,01.946.522/0001-43
WSR - B03300 3.pdf,"29.738.226/0001-76,01.946.522/0001-43"
WSR - B03300.pdf,01.946.522/0001-43
XAX B9107 - ELETRONICO.pdf,
XPC - B06540 DESMEMBRAR.pdf,83.861.906/0001-28
XPC - B06540 FRANQ (BOLETO SEM DESCRIÇÃO DE PGTO.pdf,83.314.757/0004-20
XPC - B06540 FRANQ PAG V2 (2).pdf,13.791.890/0001-49
XPC - B06540 FRANQ PAG V2.pdf,13.791.890/0001-49
ZUM - 18.02 (2).pdf,
ZUM - 18.02.pdf,
ZZZ - B0529.pdf,76.430.438/0001-71
ZZZ - B05290.pdf,21.764.677/0001-76
